employee_id,src_ip,dest_ip,src_port,dest_port,timestamp,protocol,packet_length
9,192.168.1.23,10.0.0.7,1086,1091,2024-08-06T00:54:49.650636,TCP,376
8,192.168.1.13,203.0.113.20,1019,1054,2024-08-06T06:45:31.650636,UDP,535
2,192.168.1.17,10.0.0.2,1014,1018,2024-08-05T18:43:47.650636,TCP,943
10,192.168.1.10,203.0.113.10,1090,1077,2024-08-06T05:52:35.650636,TCP,801
7,192.168.1.20,203.0.113.20,1048,1030,2024-08-06T05:42:03.650636,TCP,719
7,192.168.1.19,203.0.113.15,1086,1015,2024-08-06T03:45:29.650636,TCP,1139
7,192.168.1.10,10.0.0.2,1021,1006,2024-08-06T01:35:08.650636,TCP,1324
5,192.168.1.11,198.51.100.15,1047,1040,2024-08-05T14:59:53.650636,TCP,1073
9,192.168.1.17,10.0.0.7,1066,1064,2024-08-06T07:37:50.650636,TCP,497
8,192.168.1.18,10.0.0.6,1075,1058,2024-08-06T12:12:43.650636,TCP,750
1,192.168.1.14,198.51.100.5,1021,1087,2024-08-06T07:33:39.650636,UDP,1462
6,192.168.1.12,203.0.113.15,1035,1003,2024-08-05T14:51:25.650636,UDP,1005
5,192.168.1.21,203.0.113.20,1094,1033,2024-08-06T01:52:41.650636,TCP,1162
13,192.168.1.22,10.0.0.6,1091,1038,2024-08-06T08:00:17.650636,TCP,400
14,192.168.1.24,203.0.113.10,1005,1091,2024-08-05T20:34:34.650636,UDP,404
8,192.168.1.11,10.0.0.5,1058,1060,2024-08-05T22:33:20.650636,TCP,538
5,192.168.1.14,198.51.100.20,1027,1042,2024-08-05T17:13:42.650636,TCP,1091
7,192.168.1.19,203.0.113.15,1069,1038,2024-08-05T18:25:55.650636,TCP,904
1,192.168.1.13,198.51.100.20,1043,1076,2024-08-06T05:15:05.650636,UDP,1291
4,192.168.1.19,10.0.0.1,1097,1054,2024-08-05T21:53:22.650636,UDP,670
5,192.168.1.10,10.0.0.1,1011,1026,2024-08-06T12:07:58.650636,UDP,1260
10,192.168.1.11,203.0.113.10,1025,1031,2024-08-06T12:17:57.650636,UDP,690
15,192.168.1.14,198.51.100.15,1063,1000,2024-08-06T01:20:38.650636,TCP,358
3,192.168.1.23,198.51.100.15,1091,1075,2024-08-05T23:13:26.650636,TCP,592
5,192.168.1.16,10.0.0.4,1086,1011,2024-08-06T11:46:13.650636,UDP,219
2,192.168.1.14,10.0.0.1,1089,1094,2024-08-06T10:36:31.650636,UDP,842
7,192.168.1.22,198.51.100.5,1089,1058,2024-08-06T03:25:30.650636,TCP,127
10,192.168.1.14,10.0.0.2,1076,1021,2024-08-05T20:08:47.650636,UDP,531
11,192.168.1.20,203.0.113.15,1010,1085,2024-08-05T23:22:42.650636,TCP,1240
6,192.168.1.16,10.0.0.8,1045,1092,2024-08-06T05:29:49.650636,TCP,918
10,192.168.1.24,198.51.100.15,1007,1049,2024-08-06T04:41:57.650636,UDP,842
4,192.168.1.15,10.0.0.1,1010,1043,2024-08-05T20:26:02.650636,TCP,529
2,192.168.1.18,10.0.0.1,1052,1059,2024-08-06T06:20:07.650636,UDP,1423
12,192.168.1.18,198.51.100.10,1015,1005,2024-08-06T10:30:57.650636,UDP,628
8,192.168.1.13,203.0.113.10,1096,1025,2024-08-05T14:47:18.650636,TCP,1203
2,192.168.1.14,198.51.100.5,1003,1079,2024-08-06T00:12:56.650636,TCP,191
12,192.168.1.15,198.51.100.15,1033,1010,2024-08-05T13:48:47.650636,TCP,689
5,192.168.1.16,198.51.100.15,1007,1069,2024-08-05T23:54:07.650636,UDP,1320
4,192.168.1.24,10.0.0.1,1094,1001,2024-08-06T11:38:15.650636,TCP,1302
6,192.168.1.17,10.0.0.8,1037,1008,2024-08-06T00:35:17.650636,TCP,833
6,192.168.1.24,10.0.0.3,1032,1077,2024-08-06T12:16:09.650636,TCP,191
14,192.168.1.18,10.0.0.4,1071,1097,2024-08-05T18:42:12.650636,TCP,526
7,192.168.1.13,10.0.0.7,1040,1002,2024-08-05T20:53:24.650636,TCP,461
11,192.168.1.22,198.51.100.20,1075,1075,2024-08-06T12:15:38.650636,UDP,915
2,192.168.1.24,198.51.100.15,1098,1094,2024-08-05T17:34:54.650636,TCP,495
11,192.168.1.20,10.0.0.5,1044,1052,2024-08-05T19:47:50.650636,TCP,1492
11,192.168.1.19,10.0.0.1,1085,1080,2024-08-05T22:04:06.650636,TCP,711
6,192.168.1.21,203.0.113.20,1061,1045,2024-08-06T04:05:00.650636,UDP,1420
13,192.168.1.13,203.0.113.10,1041,1052,2024-08-06T01:59:59.650636,UDP,400
11,192.168.1.16,203.0.113.10,1071,1053,2024-08-05T16:16:41.650636,UDP,572
8,192.168.1.21,203.0.113.10,1034,1048,2024-08-05T22:55:50.650636,TCP,431
15,192.168.1.19,198.51.100.5,1035,1026,2024-08-05T17:30:22.650636,TCP,1306
7,192.168.1.14,198.51.100.5,1085,1065,2024-08-05T15:59:42.650636,UDP,171
2,192.168.1.19,10.0.0.6,1090,1088,2024-08-05T23:08:08.650636,TCP,877
10,192.168.1.12,203.0.113.20,1069,1033,2024-08-05T15:39:07.650636,TCP,173
5,192.168.1.23,10.0.0.5,1096,1046,2024-08-05T21:33:25.650636,TCP,296
10,192.168.1.14,203.0.113.15,1049,1016,2024-08-05T17:18:07.650636,UDP,363
1,192.168.1.12,10.0.0.8,1075,1037,2024-08-05T16:56:24.650636,UDP,1461
8,192.168.1.19,10.0.0.7,1094,1085,2024-08-06T09:48:09.650636,UDP,494
1,192.168.1.24,10.0.0.6,1022,1063,2024-08-05T14:02:18.650636,UDP,1127
3,192.168.1.19,10.0.0.6,1011,1061,2024-08-06T10:43:20.650636,UDP,583
6,192.168.1.24,198.51.100.5,1021,1055,2024-08-06T03:27:12.650636,UDP,1170
15,192.168.1.23,10.0.0.5,1006,1036,2024-08-06T00:25:16.650636,TCP,446
13,192.168.1.15,10.0.0.3,1087,1033,2024-08-06T09:35:37.650636,TCP,118
12,192.168.1.16,198.51.100.20,1015,1066,2024-08-06T02:12:49.650636,TCP,1253
10,192.168.1.13,198.51.100.15,1041,1046,2024-08-06T09:20:28.650636,TCP,769
10,192.168.1.15,198.51.100.5,1024,1064,2024-08-05T22:12:22.650636,UDP,1357
2,192.168.1.13,10.0.0.7,1018,1048,2024-08-06T11:23:03.650636,UDP,1143
14,192.168.1.13,10.0.0.2,1063,1053,2024-08-06T12:16:18.650636,UDP,1326
4,192.168.1.14,198.51.100.20,1042,1056,2024-08-05T20:41:34.650636,TCP,630
11,192.168.1.14,10.0.0.3,1070,1072,2024-08-06T07:36:58.650636,UDP,1255
7,192.168.1.16,198.51.100.20,1026,1078,2024-08-05T21:26:54.650636,TCP,470
13,192.168.1.24,10.0.0.4,1081,1040,2024-08-06T12:10:43.650636,UDP,1281
7,192.168.1.12,198.51.100.20,1072,1040,2024-08-06T00:23:14.650636,UDP,95
8,192.168.1.10,198.51.100.15,1034,1084,2024-08-06T11:26:23.650636,TCP,519
14,192.168.1.24,10.0.0.3,1023,1072,2024-08-05T23:16:17.650636,TCP,1266
7,192.168.1.11,198.51.100.15,1065,1070,2024-08-06T04:34:32.650636,TCP,776
13,192.168.1.14,10.0.0.4,1049,1092,2024-08-06T11:28:54.650636,TCP,1030
2,192.168.1.14,10.0.0.4,1084,1049,2024-08-06T00:42:21.650636,UDP,1121
15,192.168.1.16,203.0.113.10,1076,1082,2024-08-05T22:43:12.650636,UDP,395
14,192.168.1.20,10.0.0.5,1009,1021,2024-08-06T00:14:37.650636,UDP,179
3,192.168.1.19,10.0.0.7,1007,1050,2024-08-05T22:40:51.650636,TCP,1400
12,192.168.1.16,198.51.100.20,1008,1061,2024-08-06T07:31:53.650636,UDP,1451
12,192.168.1.16,10.0.0.6,1035,1016,2024-08-06T06:16:03.650636,TCP,393
13,192.168.1.21,198.51.100.10,1084,1034,2024-08-06T05:28:10.650636,UDP,1031
4,192.168.1.19,10.0.0.4,1095,1058,2024-08-05T19:27:12.650636,UDP,635
5,192.168.1.16,198.51.100.15,1023,1091,2024-08-06T03:11:36.650636,TCP,197
5,192.168.1.21,203.0.113.20,1003,1062,2024-08-05T23:22:15.650636,UDP,1076
5,192.168.1.12,198.51.100.15,1048,1085,2024-08-06T12:15:21.650636,TCP,656
5,192.168.1.13,198.51.100.20,1040,1030,2024-08-05T14:12:28.650636,TCP,791
11,192.168.1.14,198.51.100.10,1013,1025,2024-08-06T05:11:17.650636,UDP,745
2,192.168.1.18,10.0.0.2,1032,1022,2024-08-05T15:33:16.650636,TCP,917
5,192.168.1.16,10.0.0.5,1065,1033,2024-08-05T19:26:46.650636,UDP,802
3,192.168.1.23,198.51.100.5,1068,1087,2024-08-06T08:37:52.650636,TCP,1325
15,192.168.1.18,203.0.113.15,1004,1014,2024-08-06T11:59:39.650636,UDP,448
12,192.168.1.10,203.0.113.15,1030,1013,2024-08-05T15:26:25.650636,UDP,131
1,192.168.1.14,198.51.100.10,1044,1088,2024-08-06T11:59:05.650636,TCP,298
6,192.168.1.12,10.0.0.7,1029,1079,2024-08-05T19:54:08.650636,UDP,564
1,192.168.1.11,198.51.100.10,1088,1007,2024-08-06T01:15:14.650636,UDP,99
12,192.168.1.19,10.0.0.3,1072,1096,2024-08-06T07:28:20.650636,UDP,1283
3,192.168.1.23,10.0.0.1,1089,1079,2024-08-05T20:47:16.650636,TCP,961
13,192.168.1.15,10.0.0.3,1069,1083,2024-08-06T08:12:26.650636,TCP,660
5,192.168.1.12,10.0.0.2,1043,1071,2024-08-06T06:05:41.650636,TCP,443
5,192.168.1.20,198.51.100.20,1041,1012,2024-08-05T13:48:04.650636,TCP,1333
12,192.168.1.22,203.0.113.15,1025,1034,2024-08-06T00:35:57.650636,TCP,829
2,192.168.1.21,10.0.0.1,1001,1033,2024-08-05T16:11:06.650636,TCP,197
15,192.168.1.14,198.51.100.5,1053,1040,2024-08-06T00:27:37.650636,UDP,673
1,192.168.1.22,198.51.100.5,1041,1001,2024-08-06T12:26:53.650636,TCP,344
6,192.168.1.16,203.0.113.10,1004,1081,2024-08-06T11:40:49.650636,UDP,1364
7,192.168.1.23,10.0.0.6,1026,1001,2024-08-06T08:15:51.650636,UDP,199
9,192.168.1.17,198.51.100.20,1044,1020,2024-08-06T04:30:04.650636,UDP,1191
2,192.168.1.14,10.0.0.6,1094,1071,2024-08-06T12:28:53.650636,UDP,944
15,192.168.1.14,10.0.0.3,1029,1070,2024-08-06T00:45:04.650636,UDP,174
13,192.168.1.15,198.51.100.5,1099,1075,2024-08-05T17:26:44.650636,UDP,1490
13,192.168.1.21,10.0.0.6,1065,1017,2024-08-06T11:18:30.650636,UDP,719
10,192.168.1.24,198.51.100.10,1029,1047,2024-08-06T02:35:18.650636,UDP,1122
2,192.168.1.20,10.0.0.8,1001,1027,2024-08-06T01:13:20.650636,UDP,478
5,192.168.1.21,10.0.0.1,1008,1028,2024-08-05T17:05:47.650636,TCP,85
1,192.168.1.23,10.0.0.3,1084,1090,2024-08-06T05:56:22.650636,UDP,798
6,192.168.1.10,10.0.0.5,1005,1040,2024-08-06T02:53:48.650636,TCP,1192
3,192.168.1.13,10.0.0.5,1039,1073,2024-08-06T05:43:01.650636,TCP,1120
14,192.168.1.23,10.0.0.1,1087,1059,2024-08-06T01:14:44.650636,UDP,268
14,192.168.1.16,10.0.0.5,1059,1003,2024-08-05T22:41:42.650636,TCP,613
9,192.168.1.22,10.0.0.5,1078,1098,2024-08-06T10:01:21.650636,TCP,410
8,192.168.1.16,10.0.0.1,1025,1054,2024-08-06T05:51:16.650636,UDP,923
12,192.168.1.22,10.0.0.2,1001,1020,2024-08-05T17:01:03.650636,TCP,1447
14,192.168.1.17,10.0.0.4,1050,1048,2024-08-06T01:39:00.650636,UDP,739
2,192.168.1.10,10.0.0.2,1079,1041,2024-08-05T14:00:25.650636,TCP,1164
3,192.168.1.12,203.0.113.20,1017,1074,2024-08-06T08:39:56.650636,UDP,1352
2,192.168.1.14,10.0.0.4,1048,1019,2024-08-06T12:44:16.650636,UDP,1070
11,192.168.1.20,10.0.0.3,1077,1029,2024-08-05T19:10:33.650636,TCP,719
11,192.168.1.21,203.0.113.10,1087,1034,2024-08-06T12:21:38.650636,UDP,800
5,192.168.1.24,10.0.0.8,1040,1026,2024-08-05T17:56:39.650636,UDP,748
7,192.168.1.23,10.0.0.6,1039,1091,2024-08-06T08:18:41.650636,TCP,418
9,192.168.1.13,203.0.113.10,1086,1045,2024-08-06T05:08:15.650636,TCP,361
6,192.168.1.20,198.51.100.20,1066,1001,2024-08-05T21:32:25.650636,TCP,821
2,192.168.1.10,10.0.0.4,1083,1031,2024-08-06T10:55:04.650636,TCP,174
7,192.168.1.21,198.51.100.5,1047,1029,2024-08-05T22:38:15.650636,TCP,619
12,192.168.1.11,198.51.100.15,1084,1050,2024-08-05T20:42:43.650636,UDP,468
3,192.168.1.14,10.0.0.2,1044,1009,2024-08-05T16:06:41.650636,TCP,182
9,192.168.1.17,10.0.0.4,1062,1042,2024-08-05T18:06:54.650636,UDP,1468
4,192.168.1.19,10.0.0.4,1084,1027,2024-08-06T07:37:31.650636,UDP,567
10,192.168.1.22,198.51.100.15,1003,1079,2024-08-06T10:07:06.650636,UDP,141
3,192.168.1.16,10.0.0.3,1045,1038,2024-08-06T03:32:20.650636,TCP,824
8,192.168.1.20,10.0.0.2,1070,1008,2024-08-06T06:11:58.650636,TCP,1160
7,192.168.1.16,10.0.0.4,1044,1073,2024-08-05T16:14:41.650636,TCP,590
7,192.168.1.10,203.0.113.10,1006,1078,2024-08-06T04:22:03.650636,UDP,436
11,192.168.1.23,10.0.0.4,1007,1029,2024-08-05T14:23:39.650636,UDP,207
3,192.168.1.24,203.0.113.15,1054,1096,2024-08-06T13:06:39.650636,TCP,960
3,192.168.1.10,198.51.100.10,1011,1017,2024-08-06T10:49:38.650636,UDP,324
15,192.168.1.18,10.0.0.3,1053,1080,2024-08-06T13:19:14.650636,TCP,320
11,192.168.1.10,203.0.113.10,1043,1055,2024-08-06T01:40:34.650636,UDP,1440
7,192.168.1.10,10.0.0.2,1036,1088,2024-08-06T08:16:29.650636,TCP,434
4,192.168.1.14,10.0.0.5,1005,1071,2024-08-06T02:28:38.650636,TCP,1073
9,192.168.1.23,10.0.0.8,1002,1070,2024-08-06T09:45:30.650636,UDP,620
10,192.168.1.12,10.0.0.1,1007,1062,2024-08-05T23:07:54.650636,TCP,859
1,192.168.1.22,10.0.0.4,1029,1045,2024-08-05T19:22:49.650636,TCP,697
13,192.168.1.13,198.51.100.10,1031,1095,2024-08-06T07:24:17.650636,UDP,674
2,192.168.1.20,198.51.100.20,1005,1018,2024-08-06T13:20:03.650636,UDP,450
14,192.168.1.24,203.0.113.10,1055,1097,2024-08-06T04:50:34.650636,UDP,200
14,192.168.1.10,203.0.113.10,1099,1001,2024-08-05T20:55:26.650636,TCP,1107
6,192.168.1.22,198.51.100.20,1067,1034,2024-08-06T08:31:27.650636,UDP,334
14,192.168.1.11,10.0.0.6,1093,1058,2024-08-06T01:17:24.650636,UDP,463
3,192.168.1.13,198.51.100.15,1055,1024,2024-08-06T09:07:28.650636,UDP,938
3,192.168.1.19,203.0.113.20,1077,1025,2024-08-06T05:18:18.650636,TCP,757
10,192.168.1.23,198.51.100.20,1051,1006,2024-08-06T04:44:01.650636,UDP,782
4,192.168.1.19,10.0.0.8,1030,1092,2024-08-05T14:33:49.650636,UDP,1172
10,192.168.1.17,203.0.113.10,1077,1009,2024-08-05T13:54:58.650636,TCP,256
11,192.168.1.13,198.51.100.20,1007,1040,2024-08-06T08:59:26.650636,UDP,885
14,192.168.1.20,10.0.0.5,1073,1027,2024-08-06T07:14:12.650636,UDP,124
15,192.168.1.21,203.0.113.15,1008,1042,2024-08-06T02:31:13.650636,TCP,1108
2,192.168.1.22,198.51.100.15,1077,1058,2024-08-05T13:48:57.650636,UDP,411
8,192.168.1.12,10.0.0.3,1073,1019,2024-08-05T21:34:22.650636,TCP,1223
3,192.168.1.15,203.0.113.20,1011,1030,2024-08-05T23:50:12.650636,TCP,711
9,192.168.1.11,10.0.0.7,1045,1075,2024-08-05T20:14:03.650636,UDP,1429
8,192.168.1.22,10.0.0.7,1089,1030,2024-08-05T20:09:23.650636,TCP,1410
8,192.168.1.17,10.0.0.2,1063,1052,2024-08-06T07:36:43.650636,TCP,1496
1,192.168.1.22,10.0.0.2,1027,1060,2024-08-06T01:35:09.650636,UDP,1411
14,192.168.1.20,10.0.0.6,1037,1093,2024-08-06T07:42:05.650636,UDP,1070
7,192.168.1.21,10.0.0.1,1086,1026,2024-08-05T20:30:24.650636,TCP,385
11,192.168.1.10,198.51.100.20,1013,1006,2024-08-06T01:14:43.650636,TCP,154
10,192.168.1.16,203.0.113.20,1051,1029,2024-08-05T17:30:50.650636,UDP,162
9,192.168.1.12,10.0.0.1,1036,1015,2024-08-05T21:10:50.650636,TCP,916
10,192.168.1.15,198.51.100.5,1022,1043,2024-08-06T05:19:09.650636,UDP,996
11,192.168.1.13,10.0.0.7,1084,1000,2024-08-06T11:48:20.650636,UDP,1326
13,192.168.1.13,203.0.113.10,1037,1099,2024-08-06T07:01:46.650636,UDP,1299
14,192.168.1.23,10.0.0.8,1017,1008,2024-08-06T04:05:11.650636,TCP,176
15,192.168.1.13,10.0.0.7,1096,1089,2024-08-06T10:06:12.650636,TCP,1109
3,192.168.1.12,198.51.100.15,1090,1010,2024-08-05T17:33:07.650636,TCP,422
5,192.168.1.17,10.0.0.8,1002,1064,2024-08-06T09:25:48.650636,UDP,809
13,192.168.1.16,10.0.0.4,1063,1003,2024-08-06T10:09:59.650636,UDP,1273
6,192.168.1.16,10.0.0.6,1096,1035,2024-08-06T11:37:07.650636,TCP,75
15,192.168.1.18,203.0.113.15,1094,1000,2024-08-05T21:52:01.650636,TCP,1061
8,192.168.1.10,198.51.100.15,1060,1069,2024-08-06T00:43:21.650636,TCP,471
8,192.168.1.11,203.0.113.20,1032,1067,2024-08-05T22:10:31.650636,UDP,114
13,192.168.1.11,10.0.0.6,1036,1058,2024-08-06T12:43:03.650636,UDP,523
4,192.168.1.11,198.51.100.5,1073,1054,2024-08-05T16:17:59.650636,TCP,917
2,192.168.1.13,203.0.113.15,1001,1045,2024-08-05T17:30:24.650636,TCP,770
7,192.168.1.19,10.0.0.3,1071,1030,2024-08-05T17:20:59.650636,UDP,1470
8,192.168.1.23,10.0.0.2,1070,1046,2024-08-05T21:29:33.650636,UDP,857
11,192.168.1.19,10.0.0.4,1007,1019,2024-08-06T07:07:21.650636,TCP,1271
5,192.168.1.13,10.0.0.8,1053,1051,2024-08-06T06:58:46.650636,UDP,1081
1,192.168.1.18,10.0.0.5,1058,1079,2024-08-05T13:54:57.650636,TCP,494
7,192.168.1.24,10.0.0.6,1078,1064,2024-08-05T13:57:59.650636,UDP,137
2,192.168.1.20,198.51.100.20,1095,1073,2024-08-06T05:06:40.650636,UDP,1087
11,192.168.1.13,10.0.0.7,1038,1072,2024-08-05T14:10:22.650636,UDP,1358
15,192.168.1.10,198.51.100.5,1094,1049,2024-08-06T03:45:13.650636,TCP,744
10,192.168.1.19,10.0.0.7,1054,1061,2024-08-06T01:32:23.650636,TCP,1155
13,192.168.1.18,10.0.0.5,1081,1012,2024-08-05T22:15:04.650636,TCP,1405
5,192.168.1.22,198.51.100.5,1005,1098,2024-08-06T13:23:14.650636,TCP,1179
1,192.168.1.21,203.0.113.20,1068,1006,2024-08-06T11:31:17.650636,TCP,1354
14,192.168.1.20,198.51.100.15,1090,1090,2024-08-06T12:59:24.650636,UDP,1014
7,192.168.1.12,198.51.100.5,1072,1059,2024-08-06T05:16:18.650636,UDP,490
1,192.168.1.12,10.0.0.8,1020,1047,2024-08-05T14:14:35.650636,TCP,686
12,192.168.1.20,10.0.0.8,1033,1042,2024-08-06T11:09:35.650636,TCP,138
14,192.168.1.20,198.51.100.20,1087,1060,2024-08-06T13:33:39.650636,TCP,604
14,192.168.1.12,198.51.100.15,1040,1067,2024-08-06T13:08:25.650636,UDP,416
6,192.168.1.19,10.0.0.3,1048,1071,2024-08-05T16:14:45.650636,UDP,542
4,192.168.1.10,10.0.0.3,1072,1050,2024-08-05T23:14:25.650636,UDP,528
13,192.168.1.12,10.0.0.6,1061,1003,2024-08-06T05:56:54.650636,UDP,528
4,192.168.1.11,203.0.113.10,1067,1046,2024-08-06T03:40:15.650636,TCP,1083
7,192.168.1.19,10.0.0.1,1070,1013,2024-08-06T12:33:35.650636,TCP,1455
6,192.168.1.22,198.51.100.10,1064,1093,2024-08-05T15:20:41.650636,UDP,736
7,192.168.1.21,10.0.0.8,1028,1096,2024-08-05T14:59:58.650636,UDP,546
9,192.168.1.14,203.0.113.20,1036,1020,2024-08-05T17:39:22.650636,UDP,739
6,192.168.1.19,203.0.113.15,1079,1051,2024-08-06T07:24:30.650636,TCP,400
11,192.168.1.21,10.0.0.7,1037,1001,2024-08-06T06:11:28.650636,UDP,284
6,192.168.1.21,10.0.0.8,1005,1042,2024-08-06T08:38:11.650636,TCP,412
10,192.168.1.23,10.0.0.2,1041,1064,2024-08-06T08:22:54.650636,TCP,721
13,192.168.1.23,198.51.100.10,1005,1081,2024-08-06T11:04:08.650636,TCP,850
13,192.168.1.15,10.0.0.1,1051,1015,2024-08-06T03:12:15.650636,TCP,71
14,192.168.1.19,10.0.0.4,1055,1013,2024-08-05T16:25:07.650636,TCP,1105
1,192.168.1.21,203.0.113.15,1026,1022,2024-08-05T15:48:29.650636,TCP,1474
3,192.168.1.16,198.51.100.5,1066,1068,2024-08-05T18:08:35.650636,TCP,403
7,192.168.1.15,10.0.0.1,1002,1009,2024-08-06T02:14:18.650636,TCP,419
13,192.168.1.14,10.0.0.1,1028,1048,2024-08-06T08:19:25.650636,UDP,227
12,192.168.1.17,198.51.100.5,1080,1037,2024-08-05T22:26:24.650636,TCP,553
1,192.168.1.12,10.0.0.6,1020,1049,2024-08-06T03:07:10.650636,UDP,183
6,192.168.1.21,198.51.100.20,1049,1059,2024-08-06T05:11:03.650636,TCP,1016
1,192.168.1.24,198.51.100.15,1006,1089,2024-08-06T04:36:32.650636,TCP,898
11,192.168.1.19,10.0.0.2,1087,1059,2024-08-06T03:34:30.650636,UDP,1207
6,192.168.1.10,10.0.0.5,1082,1094,2024-08-06T09:55:43.650636,UDP,326
15,192.168.1.22,203.0.113.15,1009,1076,2024-08-05T20:44:39.650636,TCP,1067
7,192.168.1.23,10.0.0.6,1049,1068,2024-08-05T22:28:17.650636,TCP,230
12,192.168.1.21,10.0.0.2,1006,1080,2024-08-06T11:50:14.650636,TCP,1153
14,192.168.1.19,10.0.0.8,1051,1037,2024-08-06T03:12:59.650636,UDP,793
8,192.168.1.17,10.0.0.1,1075,1012,2024-08-05T16:55:33.650636,TCP,771
4,192.168.1.12,203.0.113.10,1000,1076,2024-08-06T02:37:53.650636,TCP,713
9,192.168.1.15,198.51.100.5,1075,1044,2024-08-06T07:05:40.650636,TCP,673
10,192.168.1.20,10.0.0.4,1079,1017,2024-08-06T02:01:04.650636,UDP,574
7,192.168.1.21,198.51.100.5,1064,1098,2024-08-05T22:34:51.650636,TCP,71
1,192.168.1.22,198.51.100.20,1001,1069,2024-08-06T11:28:56.650636,TCP,1377
5,192.168.1.14,203.0.113.10,1088,1038,2024-08-05T18:58:46.650636,TCP,595
5,192.168.1.16,10.0.0.6,1095,1019,2024-08-06T03:23:12.650636,TCP,1503
2,192.168.1.15,203.0.113.10,1077,1020,2024-08-06T07:34:42.650636,UDP,646
11,192.168.1.17,203.0.113.15,1035,1000,2024-08-06T09:45:46.650636,TCP,648
13,192.168.1.16,198.51.100.10,1008,1035,2024-08-06T00:39:24.650636,TCP,542
14,192.168.1.17,10.0.0.1,1012,1028,2024-08-06T13:40:07.650636,UDP,564
9,192.168.1.16,198.51.100.20,1043,1001,2024-08-06T00:15:01.650636,TCP,509
1,192.168.1.21,10.0.0.7,1033,1056,2024-08-06T10:06:02.650636,TCP,1214
7,192.168.1.19,10.0.0.4,1050,1090,2024-08-05T21:31:16.650636,UDP,626
8,192.168.1.15,198.51.100.20,1035,1029,2024-08-05T20:37:56.650636,TCP,157
10,192.168.1.11,203.0.113.15,1036,1093,2024-08-05T14:29:16.650636,TCP,915
3,192.168.1.18,198.51.100.10,1096,1071,2024-08-06T00:20:08.650636,TCP,674
8,192.168.1.19,10.0.0.4,1082,1085,2024-08-06T00:35:43.650636,TCP,354
1,192.168.1.20,10.0.0.5,1066,1056,2024-08-06T03:29:05.650636,UDP,1088
14,192.168.1.16,203.0.113.15,1009,1040,2024-08-05T20:29:33.650636,TCP,1132
12,192.168.1.15,203.0.113.20,1083,1057,2024-08-06T07:56:03.650636,UDP,1112
6,192.168.1.19,10.0.0.5,1001,1003,2024-08-05T15:54:46.650636,TCP,870
4,192.168.1.14,10.0.0.8,1094,1075,2024-08-06T12:46:40.650636,UDP,547
10,192.168.1.15,203.0.113.15,1022,1094,2024-08-05T20:28:02.650636,UDP,641
12,192.168.1.20,10.0.0.5,1056,1070,2024-08-06T09:44:09.650636,TCP,1153
4,192.168.1.18,10.0.0.6,1082,1092,2024-08-06T00:44:43.650636,TCP,126
3,192.168.1.14,198.51.100.15,1091,1059,2024-08-06T06:18:06.650636,TCP,522
6,192.168.1.16,10.0.0.4,1001,1071,2024-08-06T09:59:08.650636,UDP,410
3,192.168.1.24,10.0.0.6,1016,1004,2024-08-05T14:14:45.650636,TCP,711
15,192.168.1.20,10.0.0.2,1078,1010,2024-08-05T23:14:15.650636,UDP,1204
6,192.168.1.17,198.51.100.15,1015,1066,2024-08-05T18:30:34.650636,UDP,193
7,192.168.1.10,10.0.0.5,1019,1004,2024-08-06T07:53:28.650636,UDP,264
12,192.168.1.23,10.0.0.2,1031,1065,2024-08-06T09:37:18.650636,UDP,1120
7,192.168.1.22,10.0.0.1,1074,1068,2024-08-05T22:08:56.650636,UDP,234
1,192.168.1.18,203.0.113.20,1015,1030,2024-08-05T21:11:38.650636,UDP,757
14,192.168.1.15,203.0.113.10,1088,1085,2024-08-06T12:08:08.650636,UDP,1431
15,192.168.1.24,10.0.0.4,1048,1008,2024-08-05T21:49:42.650636,UDP,869
6,192.168.1.18,10.0.0.8,1066,1029,2024-08-06T04:38:24.650636,UDP,557
2,192.168.1.16,10.0.0.8,1059,1006,2024-08-05T21:02:53.650636,UDP,390
13,192.168.1.19,203.0.113.20,1021,1097,2024-08-06T02:03:08.650636,UDP,1226
7,192.168.1.23,10.0.0.1,1092,1081,2024-08-06T05:17:43.650636,UDP,1424
9,192.168.1.20,198.51.100.15,1067,1047,2024-08-06T05:20:42.650636,UDP,1377
11,192.168.1.21,10.0.0.2,1055,1015,2024-08-06T02:24:27.650636,UDP,926
11,192.168.1.24,10.0.0.8,1047,1040,2024-08-06T04:54:04.650636,UDP,881
7,192.168.1.16,203.0.113.15,1082,1008,2024-08-05T22:12:11.650636,TCP,755
7,192.168.1.10,203.0.113.10,1037,1039,2024-08-05T19:22:46.650636,UDP,893
3,192.168.1.13,203.0.113.10,1069,1046,2024-08-06T10:25:26.650636,TCP,1174
1,192.168.1.17,198.51.100.10,1053,1059,2024-08-06T06:30:29.650636,UDP,1077
6,192.168.1.16,10.0.0.4,1014,1052,2024-08-05T17:54:37.650636,UDP,231
3,192.168.1.13,10.0.0.3,1087,1023,2024-08-06T05:43:21.650636,TCP,955
8,192.168.1.24,10.0.0.7,1001,1097,2024-08-06T05:10:41.650636,UDP,964
14,192.168.1.15,10.0.0.8,1033,1077,2024-08-05T16:15:13.650636,UDP,465
15,192.168.1.20,10.0.0.7,1000,1066,2024-08-06T09:28:20.650636,TCP,1353
11,192.168.1.22,198.51.100.20,1003,1010,2024-08-06T05:05:16.650636,UDP,259
14,192.168.1.23,203.0.113.20,1010,1092,2024-08-06T04:21:11.650636,TCP,297
12,192.168.1.20,10.0.0.5,1086,1052,2024-08-05T13:46:25.650636,UDP,642
14,192.168.1.20,203.0.113.10,1089,1066,2024-08-05T18:50:50.650636,UDP,899
12,192.168.1.13,198.51.100.5,1032,1024,2024-08-06T11:03:42.650636,TCP,1300
15,192.168.1.22,198.51.100.15,1033,1033,2024-08-06T12:17:35.650636,TCP,285
8,192.168.1.22,10.0.0.5,1002,1073,2024-08-05T15:23:08.650636,TCP,883
6,192.168.1.22,10.0.0.8,1020,1098,2024-08-05T15:37:45.650636,TCP,1182
3,192.168.1.16,10.0.0.4,1088,1033,2024-08-06T10:23:59.650636,TCP,1206
2,192.168.1.11,198.51.100.20,1055,1020,2024-08-06T05:39:23.650636,UDP,382
8,192.168.1.21,10.0.0.6,1001,1088,2024-08-05T20:35:02.650636,TCP,1085
11,192.168.1.11,10.0.0.7,1080,1040,2024-08-05T17:40:36.650636,UDP,1340
5,192.168.1.13,203.0.113.15,1005,1020,2024-08-05T23:08:47.650636,TCP,1414
5,192.168.1.16,203.0.113.15,1043,1071,2024-08-05T16:37:26.650636,TCP,1315
1,192.168.1.10,198.51.100.15,1045,1095,2024-08-05T14:26:55.650636,UDP,790
1,192.168.1.13,10.0.0.6,1047,1026,2024-08-06T11:24:33.650636,TCP,948
5,192.168.1.17,203.0.113.15,1055,1051,2024-08-06T01:32:54.650636,TCP,836
12,192.168.1.14,203.0.113.15,1002,1069,2024-08-06T07:05:04.650636,UDP,1100
1,192.168.1.23,198.51.100.20,1087,1018,2024-08-05T19:35:32.650636,TCP,649
8,192.168.1.15,10.0.0.3,1058,1042,2024-08-06T07:53:08.650636,TCP,775
5,192.168.1.23,10.0.0.6,1001,1065,2024-08-05T21:53:32.650636,TCP,1048
10,192.168.1.18,10.0.0.6,1049,1042,2024-08-05T21:12:26.650636,TCP,650
13,192.168.1.17,10.0.0.2,1055,1098,2024-08-06T11:58:00.650636,UDP,985
5,192.168.1.20,203.0.113.10,1036,1052,2024-08-05T14:32:43.650636,UDP,963
3,192.168.1.22,203.0.113.20,1059,1007,2024-08-06T09:18:40.650636,UDP,653
9,192.168.1.21,10.0.0.8,1029,1069,2024-08-06T08:21:21.650636,UDP,1105
10,192.168.1.13,10.0.0.5,1063,1005,2024-08-06T01:10:58.650636,TCP,263
3,192.168.1.13,10.0.0.7,1065,1094,2024-08-06T01:22:31.650636,UDP,417
9,192.168.1.17,10.0.0.6,1031,1001,2024-08-06T07:19:32.650636,UDP,604
10,192.168.1.20,198.51.100.20,1075,1080,2024-08-06T01:56:00.650636,TCP,1156
4,192.168.1.14,10.0.0.7,1062,1070,2024-08-06T11:54:15.650636,UDP,1477
4,192.168.1.19,198.51.100.20,1014,1064,2024-08-06T08:34:21.650636,UDP,1086
15,192.168.1.19,198.51.100.5,1015,1007,2024-08-06T00:11:21.650636,UDP,401
15,192.168.1.22,10.0.0.8,1050,1074,2024-08-05T19:31:54.650636,UDP,156
4,192.168.1.10,10.0.0.6,1061,1040,2024-08-06T10:57:19.650636,TCP,82
6,192.168.1.17,10.0.0.8,1051,1043,2024-08-06T13:39:31.650636,UDP,1120
7,192.168.1.22,198.51.100.10,1023,1039,2024-08-05T16:27:19.650636,UDP,1339
13,192.168.1.10,198.51.100.15,1087,1005,2024-08-05T22:58:21.650636,TCP,209
12,192.168.1.21,10.0.0.7,1084,1048,2024-08-06T06:50:22.650636,UDP,1090
2,192.168.1.23,10.0.0.8,1044,1069,2024-08-06T10:59:14.650636,UDP,278
8,192.168.1.17,198.51.100.5,1024,1011,2024-08-05T22:17:27.650636,UDP,1364
10,192.168.1.20,10.0.0.2,1025,1051,2024-08-06T13:05:47.650636,TCP,809
14,192.168.1.24,10.0.0.5,1026,1032,2024-08-05T20:27:10.650636,UDP,452
14,192.168.1.21,198.51.100.15,1017,1061,2024-08-05T21:26:35.650636,UDP,1438
6,192.168.1.14,203.0.113.10,1047,1052,2024-08-06T03:27:14.650636,TCP,684
15,192.168.1.18,10.0.0.3,1042,1038,2024-08-06T08:28:26.650636,UDP,183
13,192.168.1.20,203.0.113.20,1016,1024,2024-08-06T01:44:48.650636,UDP,933
4,192.168.1.20,10.0.0.4,1057,1076,2024-08-06T07:47:30.650636,UDP,1331
8,192.168.1.10,10.0.0.3,1061,1088,2024-08-05T17:22:32.650636,UDP,952
14,192.168.1.12,10.0.0.8,1043,1026,2024-08-06T13:15:55.650636,TCP,1458
7,192.168.1.14,10.0.0.1,1063,1004,2024-08-06T09:03:50.650636,TCP,803
12,192.168.1.20,10.0.0.6,1093,1034,2024-08-06T13:32:22.650636,TCP,1382
11,192.168.1.13,203.0.113.10,1098,1098,2024-08-06T09:43:17.650636,UDP,1344
8,192.168.1.18,198.51.100.15,1081,1092,2024-08-05T20:30:26.650636,UDP,82
5,192.168.1.12,198.51.100.20,1086,1066,2024-08-06T09:26:44.650636,UDP,71
10,192.168.1.16,10.0.0.1,1049,1025,2024-08-05T15:25:18.650636,TCP,918
10,192.168.1.21,198.51.100.15,1041,1044,2024-08-05T14:57:59.650636,TCP,686
9,192.168.1.22,10.0.0.3,1091,1003,2024-08-06T06:17:12.650636,UDP,151
13,192.168.1.11,10.0.0.8,1008,1061,2024-08-05T17:14:06.650636,UDP,670
7,192.168.1.13,10.0.0.5,1007,1074,2024-08-06T04:56:20.650636,UDP,105
10,192.168.1.19,10.0.0.3,1017,1092,2024-08-05T21:47:29.650636,UDP,291
12,192.168.1.11,203.0.113.15,1002,1090,2024-08-05T22:14:54.650636,UDP,1362
11,192.168.1.18,10.0.0.2,1017,1093,2024-08-05T22:53:05.650636,UDP,776
7,192.168.1.17,10.0.0.8,1079,1046,2024-08-05T16:51:56.650636,TCP,1068
15,192.168.1.21,10.0.0.5,1050,1025,2024-08-05T17:41:55.650636,UDP,1053
9,192.168.1.11,203.0.113.10,1078,1052,2024-08-05T22:53:42.650636,TCP,64
12,192.168.1.21,10.0.0.5,1093,1020,2024-08-06T08:12:41.650636,UDP,685
4,192.168.1.11,198.51.100.10,1073,1018,2024-08-06T04:11:09.650636,TCP,1258
11,192.168.1.10,203.0.113.10,1069,1023,2024-08-06T07:32:02.650636,TCP,240
10,192.168.1.12,10.0.0.7,1039,1046,2024-08-05T14:10:51.650636,TCP,967
7,192.168.1.24,10.0.0.8,1028,1009,2024-08-06T11:37:50.650636,TCP,826
15,192.168.1.10,198.51.100.20,1097,1008,2024-08-05T16:28:48.650636,UDP,1119
9,192.168.1.24,10.0.0.4,1006,1075,2024-08-06T09:47:55.650636,TCP,1137
7,192.168.1.15,10.0.0.6,1000,1015,2024-08-06T04:57:53.650636,UDP,617
5,192.168.1.18,198.51.100.10,1025,1094,2024-08-06T02:58:47.650636,UDP,1500
6,192.168.1.12,203.0.113.10,1003,1025,2024-08-06T07:30:44.650636,UDP,536
8,192.168.1.10,10.0.0.3,1055,1077,2024-08-05T19:23:44.650636,UDP,480
7,192.168.1.20,10.0.0.4,1044,1015,2024-08-06T08:56:26.650636,UDP,482
8,192.168.1.18,10.0.0.7,1070,1062,2024-08-06T03:49:06.650636,UDP,402
1,192.168.1.21,10.0.0.5,1011,1060,2024-08-05T19:40:34.650636,TCP,1371
9,192.168.1.13,10.0.0.1,1032,1077,2024-08-05T23:22:26.650636,UDP,529
13,192.168.1.23,10.0.0.1,1078,1055,2024-08-06T06:42:26.650636,UDP,1038
6,192.168.1.23,198.51.100.20,1009,1010,2024-08-06T06:36:52.650636,UDP,397
10,192.168.1.13,10.0.0.5,1035,1094,2024-08-06T04:24:19.650636,TCP,885
6,192.168.1.12,10.0.0.8,1080,1081,2024-08-06T05:07:42.650636,UDP,519
7,192.168.1.22,10.0.0.1,1025,1083,2024-08-06T10:47:25.650636,TCP,687
10,192.168.1.24,203.0.113.20,1051,1003,2024-08-06T10:39:58.650636,TCP,1484
15,192.168.1.17,10.0.0.2,1025,1006,2024-08-06T01:59:48.650636,TCP,951
9,192.168.1.10,10.0.0.7,1090,1020,2024-08-05T16:29:51.650636,TCP,637
7,192.168.1.23,10.0.0.6,1009,1057,2024-08-05T16:40:20.650636,UDP,385
14,192.168.1.17,198.51.100.15,1083,1048,2024-08-06T03:17:05.650636,TCP,1105
12,192.168.1.14,198.51.100.20,1053,1079,2024-08-06T00:27:17.650636,UDP,664
3,192.168.1.17,10.0.0.6,1016,1016,2024-08-05T16:42:34.650636,TCP,599
11,192.168.1.20,10.0.0.2,1096,1068,2024-08-05T22:31:46.650636,TCP,565
5,192.168.1.20,10.0.0.2,1085,1020,2024-08-06T03:13:37.650636,UDP,871
9,192.168.1.21,198.51.100.5,1037,1006,2024-08-05T20:43:38.650636,UDP,247
13,192.168.1.20,10.0.0.4,1017,1030,2024-08-06T06:25:04.650636,UDP,562
2,192.168.1.12,10.0.0.6,1061,1015,2024-08-05T15:06:21.650636,UDP,464
3,192.168.1.22,198.51.100.10,1029,1076,2024-08-06T03:01:17.650636,UDP,822
11,192.168.1.16,198.51.100.20,1071,1014,2024-08-06T03:17:39.650636,TCP,417
7,192.168.1.13,10.0.0.4,1015,1041,2024-08-05T19:49:00.650636,TCP,1109
11,192.168.1.12,198.51.100.5,1003,1014,2024-08-06T05:04:38.650636,UDP,1489
13,192.168.1.16,10.0.0.8,1036,1098,2024-08-06T12:42:38.650636,TCP,725
3,192.168.1.21,198.51.100.20,1049,1027,2024-08-06T07:06:00.650636,UDP,1085
1,192.168.1.18,203.0.113.10,1071,1027,2024-08-05T22:39:50.650636,UDP,330
1,192.168.1.18,10.0.0.8,1014,1050,2024-08-05T15:10:37.650636,TCP,623
9,192.168.1.19,10.0.0.2,1056,1034,2024-08-06T01:11:34.650636,UDP,1049
10,192.168.1.13,203.0.113.20,1011,1005,2024-08-05T17:41:11.650636,UDP,209
11,192.168.1.15,10.0.0.6,1000,1000,2024-08-06T09:38:55.650636,TCP,272
5,192.168.1.21,203.0.113.10,1026,1011,2024-08-05T18:18:42.650636,UDP,353
6,192.168.1.18,10.0.0.1,1081,1081,2024-08-05T19:51:55.650636,UDP,992
3,192.168.1.11,10.0.0.7,1025,1044,2024-08-06T04:48:15.650636,UDP,745
1,192.168.1.15,10.0.0.2,1050,1035,2024-08-06T04:10:52.650636,TCP,204
6,192.168.1.22,10.0.0.8,1007,1073,2024-08-06T06:06:19.650636,UDP,290
14,192.168.1.14,10.0.0.1,1089,1092,2024-08-06T05:49:12.650636,UDP,1071
4,192.168.1.16,10.0.0.2,1076,1073,2024-08-05T19:05:57.650636,UDP,868
6,192.168.1.23,203.0.113.15,1034,1014,2024-08-05T21:49:49.650636,TCP,596
10,192.168.1.15,10.0.0.6,1001,1017,2024-08-05T14:19:01.650636,UDP,1396
3,192.168.1.15,10.0.0.7,1086,1007,2024-08-06T12:28:29.650636,TCP,869
3,192.168.1.24,203.0.113.20,1084,1091,2024-08-06T03:30:08.650636,UDP,109
14,192.168.1.21,10.0.0.1,1035,1027,2024-08-06T10:58:22.650636,UDP,1410
4,192.168.1.12,203.0.113.20,1034,1080,2024-08-06T08:57:06.650636,TCP,715
11,192.168.1.21,198.51.100.15,1069,1072,2024-08-06T00:09:42.650636,TCP,1280
1,192.168.1.16,198.51.100.15,1058,1052,2024-08-05T23:30:26.650636,TCP,1434
4,192.168.1.21,198.51.100.20,1019,1016,2024-08-05T20:21:09.650636,TCP,1221
9,192.168.1.22,198.51.100.5,1062,1097,2024-08-05T15:17:09.650636,UDP,1057
13,192.168.1.13,198.51.100.5,1046,1093,2024-08-05T15:29:16.650636,TCP,1065
5,192.168.1.24,10.0.0.1,1073,1010,2024-08-06T07:37:18.650636,UDP,838
2,192.168.1.19,10.0.0.4,1056,1018,2024-08-06T04:27:58.650636,UDP,407
1,192.168.1.17,203.0.113.10,1075,1005,2024-08-06T03:47:19.650636,UDP,1485
2,192.168.1.15,203.0.113.15,1002,1041,2024-08-06T07:19:09.650636,TCP,364
9,192.168.1.14,203.0.113.20,1015,1041,2024-08-06T00:53:57.650636,UDP,969
10,192.168.1.24,198.51.100.5,1039,1018,2024-08-06T08:15:04.650636,UDP,1297
7,192.168.1.16,10.0.0.4,1060,1055,2024-08-05T23:46:51.650636,UDP,880
8,192.168.1.17,198.51.100.15,1058,1042,2024-08-06T04:04:14.650636,UDP,666
9,192.168.1.16,10.0.0.8,1023,1030,2024-08-06T00:28:09.650636,UDP,1297
3,192.168.1.19,10.0.0.7,1039,1083,2024-08-05T18:20:35.650636,UDP,1500
6,192.168.1.10,203.0.113.10,1010,1063,2024-08-06T10:46:28.650636,TCP,520
11,192.168.1.18,198.51.100.5,1081,1044,2024-08-06T06:56:44.650636,TCP,78
1,192.168.1.22,10.0.0.3,1078,1082,2024-08-05T20:27:46.650636,TCP,739
4,192.168.1.18,198.51.100.5,1011,1037,2024-08-06T04:36:13.650636,UDP,1087
11,192.168.1.17,198.51.100.10,1068,1051,2024-08-06T07:15:08.650636,TCP,742
11,192.168.1.20,10.0.0.3,1066,1035,2024-08-05T18:33:27.650636,UDP,1023
13,192.168.1.21,10.0.0.7,1098,1001,2024-08-06T09:10:12.650636,TCP,1427
2,192.168.1.16,198.51.100.5,1048,1018,2024-08-05T14:34:11.650636,UDP,295
10,192.168.1.16,10.0.0.2,1001,1000,2024-08-06T05:11:51.650636,UDP,508
7,192.168.1.13,10.0.0.4,1073,1002,2024-08-06T09:45:27.650636,TCP,1034
15,192.168.1.16,10.0.0.3,1025,1083,2024-08-05T16:24:38.650636,TCP,1419
9,192.168.1.23,10.0.0.4,1054,1030,2024-08-05T22:25:39.650636,UDP,1231
14,192.168.1.14,10.0.0.8,1062,1076,2024-08-06T10:20:33.650636,UDP,1357
1,192.168.1.10,198.51.100.10,1003,1041,2024-08-06T09:40:53.650636,TCP,810
4,192.168.1.24,198.51.100.5,1002,1071,2024-08-05T19:04:55.650636,TCP,372
11,192.168.1.17,10.0.0.1,1053,1095,2024-08-06T07:48:51.650636,TCP,304
10,192.168.1.20,198.51.100.15,1080,1076,2024-08-05T15:41:08.650636,UDP,783
12,192.168.1.19,10.0.0.6,1090,1073,2024-08-06T02:49:48.650636,UDP,1057
15,192.168.1.10,203.0.113.20,1069,1041,2024-08-06T02:40:40.650636,UDP,1174
11,192.168.1.20,203.0.113.10,1038,1021,2024-08-05T19:54:22.650636,TCP,1017
9,192.168.1.16,198.51.100.20,1060,1017,2024-08-05T20:44:53.650636,UDP,1035
7,192.168.1.12,10.0.0.4,1023,1060,2024-08-05T17:57:48.650636,TCP,90
4,192.168.1.22,10.0.0.7,1049,1037,2024-08-06T08:08:07.650636,UDP,995
6,192.168.1.22,10.0.0.3,1045,1048,2024-08-06T12:30:35.650636,TCP,278
10,192.168.1.21,10.0.0.8,1020,1038,2024-08-06T09:28:14.650636,UDP,943
13,192.168.1.24,203.0.113.15,1007,1083,2024-08-06T00:01:09.650636,TCP,427
13,192.168.1.19,203.0.113.10,1023,1094,2024-08-06T13:31:19.650636,UDP,1481
9,192.168.1.21,203.0.113.20,1025,1051,2024-08-05T14:41:09.650636,TCP,1510
12,192.168.1.13,10.0.0.2,1074,1079,2024-08-06T04:55:43.650636,TCP,119
10,192.168.1.10,10.0.0.4,1055,1025,2024-08-06T11:36:28.650636,TCP,462
3,192.168.1.13,10.0.0.1,1015,1003,2024-08-06T00:03:59.650636,UDP,406
15,192.168.1.21,10.0.0.1,1076,1005,2024-08-06T02:15:53.650636,TCP,738
3,192.168.1.23,10.0.0.7,1072,1055,2024-08-06T08:11:33.650636,UDP,637
8,192.168.1.14,203.0.113.10,1008,1062,2024-08-05T17:09:38.650636,TCP,905
9,192.168.1.19,10.0.0.1,1039,1006,2024-08-05T20:09:12.650636,TCP,911
14,192.168.1.24,10.0.0.6,1043,1041,2024-08-06T09:36:58.650636,UDP,830
13,192.168.1.11,198.51.100.15,1008,1027,2024-08-05T19:28:40.650636,TCP,722
13,192.168.1.10,203.0.113.15,1099,1058,2024-08-06T00:51:05.650636,TCP,674
5,192.168.1.22,203.0.113.15,1093,1063,2024-08-05T20:49:47.650636,UDP,526
11,192.168.1.15,10.0.0.3,1004,1084,2024-08-06T04:30:14.650636,TCP,1298
9,192.168.1.22,10.0.0.7,1075,1003,2024-08-06T11:25:12.650636,UDP,556
2,192.168.1.18,10.0.0.6,1056,1055,2024-08-05T17:12:42.650636,TCP,483
3,192.168.1.20,10.0.0.8,1017,1001,2024-08-06T05:15:18.650636,TCP,710
5,192.168.1.20,10.0.0.6,1075,1067,2024-08-06T03:28:55.650636,UDP,718
10,192.168.1.10,10.0.0.7,1030,1062,2024-08-06T07:24:46.650636,TCP,909
4,192.168.1.23,10.0.0.2,1079,1013,2024-08-06T08:10:46.650636,UDP,112
2,192.168.1.11,10.0.0.2,1046,1031,2024-08-05T17:32:52.650636,TCP,1477
13,192.168.1.13,10.0.0.4,1089,1064,2024-08-05T17:30:39.650636,UDP,334
8,192.168.1.17,198.51.100.5,1006,1020,2024-08-06T04:25:48.650636,TCP,477
15,192.168.1.18,10.0.0.4,1055,1006,2024-08-06T03:17:33.650636,UDP,1205
8,192.168.1.20,198.51.100.5,1032,1067,2024-08-06T04:45:38.650636,UDP,1387
11,192.168.1.10,198.51.100.5,1026,1088,2024-08-05T23:23:11.650636,TCP,1403
7,192.168.1.19,10.0.0.1,1071,1058,2024-08-06T00:59:49.650636,UDP,1177
15,192.168.1.16,203.0.113.15,1015,1065,2024-08-06T00:13:32.650636,UDP,636
5,192.168.1.15,10.0.0.5,1085,1069,2024-08-05T20:20:11.650636,TCP,794
5,192.168.1.11,10.0.0.4,1031,1095,2024-08-05T21:12:32.650636,UDP,418
8,192.168.1.12,198.51.100.15,1094,1073,2024-08-05T20:34:21.650636,TCP,1269
1,192.168.1.18,10.0.0.6,1028,1016,2024-08-05T19:19:00.650636,TCP,1388
4,192.168.1.15,10.0.0.7,1008,1044,2024-08-05T19:21:47.650636,UDP,1507
9,192.168.1.21,203.0.113.10,1099,1053,2024-08-05T17:44:24.650636,UDP,1244
13,192.168.1.10,198.51.100.20,1058,1078,2024-08-06T09:10:01.650636,UDP,251
10,192.168.1.15,203.0.113.10,1061,1082,2024-08-05T23:29:16.650636,UDP,611
13,192.168.1.13,10.0.0.3,1070,1070,2024-08-05T19:35:43.650636,UDP,462
6,192.168.1.13,10.0.0.4,1038,1097,2024-08-05T23:04:00.650636,TCP,197
12,192.168.1.15,10.0.0.3,1065,1035,2024-08-06T03:47:23.650636,TCP,874
2,192.168.1.13,198.51.100.15,1077,1000,2024-08-06T09:57:34.650636,UDP,803
3,192.168.1.17,10.0.0.5,1004,1006,2024-08-05T21:51:20.650636,UDP,422
10,192.168.1.14,203.0.113.20,1096,1060,2024-08-05T16:49:11.650636,UDP,1488
7,192.168.1.21,203.0.113.20,1025,1039,2024-08-05T20:01:21.650636,UDP,1024
12,192.168.1.20,10.0.0.6,1049,1088,2024-08-05T16:27:27.650636,UDP,610
4,192.168.1.18,203.0.113.10,1034,1006,2024-08-06T04:09:31.650636,UDP,1204
6,192.168.1.24,198.51.100.20,1087,1056,2024-08-06T09:52:12.650636,TCP,484
10,192.168.1.14,198.51.100.15,1074,1026,2024-08-06T12:54:22.650636,TCP,503
2,192.168.1.22,198.51.100.15,1076,1070,2024-08-06T06:44:27.650636,UDP,1399
9,192.168.1.21,203.0.113.15,1038,1099,2024-08-05T17:21:43.650636,UDP,1466
14,192.168.1.22,10.0.0.4,1086,1042,2024-08-06T03:21:39.650636,UDP,703
9,192.168.1.21,203.0.113.20,1027,1085,2024-08-06T02:42:09.650636,TCP,211
3,192.168.1.23,198.51.100.5,1094,1060,2024-08-05T14:06:00.650636,TCP,114
10,192.168.1.17,198.51.100.10,1057,1086,2024-08-06T08:52:31.650636,UDP,696
15,192.168.1.16,10.0.0.5,1050,1007,2024-08-05T21:52:30.650636,UDP,1006
2,192.168.1.21,10.0.0.3,1091,1046,2024-08-06T03:50:47.650636,UDP,1235
1,192.168.1.12,10.0.0.6,1052,1099,2024-08-05T15:31:14.650636,TCP,1015
3,192.168.1.18,203.0.113.20,1059,1010,2024-08-05T17:34:03.650636,TCP,1273
3,192.168.1.12,10.0.0.5,1097,1014,2024-08-05T22:10:41.650636,TCP,470
11,192.168.1.21,203.0.113.15,1029,1079,2024-08-06T07:18:03.650636,UDP,505
4,192.168.1.20,10.0.0.2,1063,1030,2024-08-06T04:06:58.650636,UDP,1419
7,192.168.1.17,10.0.0.8,1007,1087,2024-08-05T22:34:13.650636,UDP,570
2,192.168.1.13,10.0.0.8,1029,1024,2024-08-05T13:42:03.650636,UDP,124
11,192.168.1.14,198.51.100.20,1054,1028,2024-08-06T03:12:29.650636,TCP,116
2,192.168.1.19,198.51.100.15,1040,1010,2024-08-05T18:12:29.650636,UDP,669
7,192.168.1.14,10.0.0.7,1070,1008,2024-08-06T00:35:01.650636,UDP,1128
8,192.168.1.22,198.51.100.5,1037,1021,2024-08-06T09:42:31.650636,UDP,1267
4,192.168.1.16,10.0.0.6,1026,1037,2024-08-05T23:03:03.650636,TCP,92
12,192.168.1.15,198.51.100.10,1099,1066,2024-08-06T10:35:26.650636,UDP,121
7,192.168.1.18,198.51.100.10,1034,1018,2024-08-06T10:17:10.650636,TCP,968
2,192.168.1.19,10.0.0.6,1027,1033,2024-08-06T11:00:28.650636,TCP,1451
5,192.168.1.19,203.0.113.15,1044,1049,2024-08-06T05:58:17.650636,UDP,1393
13,192.168.1.11,10.0.0.7,1093,1098,2024-08-06T10:52:16.650636,UDP,71
9,192.168.1.13,10.0.0.6,1019,1085,2024-08-06T01:37:03.650636,UDP,597
10,192.168.1.17,10.0.0.1,1062,1063,2024-08-05T14:38:05.650636,TCP,430
9,192.168.1.10,10.0.0.5,1026,1040,2024-08-05T21:41:06.650636,TCP,1373
4,192.168.1.24,10.0.0.5,1049,1098,2024-08-05T14:21:10.650636,UDP,1303
6,192.168.1.23,203.0.113.10,1099,1031,2024-08-06T08:53:13.650636,UDP,650
5,192.168.1.13,10.0.0.6,1011,1089,2024-08-05T20:25:45.650636,TCP,1253
12,192.168.1.21,198.51.100.10,1068,1073,2024-08-05T20:30:36.650636,UDP,228
1,192.168.1.14,10.0.0.3,1021,1089,2024-08-06T05:14:58.650636,UDP,276
13,192.168.1.15,10.0.0.7,1060,1000,2024-08-06T10:58:14.650636,TCP,1450
14,192.168.1.22,10.0.0.4,1018,1033,2024-08-05T18:57:04.650636,UDP,181
13,192.168.1.13,10.0.0.2,1081,1068,2024-08-06T13:02:31.650636,TCP,1074
3,192.168.1.21,198.51.100.5,1078,1086,2024-08-06T11:35:54.650636,UDP,936
8,192.168.1.16,203.0.113.10,1043,1067,2024-08-05T19:42:19.650636,TCP,1063
12,192.168.1.13,198.51.100.10,1062,1067,2024-08-05T22:59:09.650636,TCP,1025
7,192.168.1.11,10.0.0.5,1003,1052,2024-08-05T14:54:05.650636,TCP,790
3,192.168.1.17,198.51.100.20,1035,1082,2024-08-05T14:39:11.650636,TCP,192
7,192.168.1.21,203.0.113.15,1034,1042,2024-08-06T06:57:14.650636,TCP,354
5,192.168.1.20,10.0.0.5,1087,1029,2024-08-06T08:23:11.650636,UDP,1181
11,192.168.1.20,10.0.0.4,1056,1017,2024-08-06T06:42:28.650636,UDP,944
11,192.168.1.10,10.0.0.3,1043,1068,2024-08-05T14:35:28.650636,TCP,223
14,192.168.1.14,10.0.0.5,1079,1026,2024-08-05T21:07:27.650636,UDP,125
1,192.168.1.13,10.0.0.2,1014,1021,2024-08-05T19:01:03.650636,UDP,519
3,192.168.1.16,10.0.0.6,1068,1088,2024-08-06T06:43:28.650636,TCP,1024
4,192.168.1.22,10.0.0.3,1079,1072,2024-08-06T03:53:50.650636,TCP,978
8,192.168.1.13,198.51.100.15,1083,1075,2024-08-05T16:51:34.650636,UDP,131
1,192.168.1.20,10.0.0.3,1094,1017,2024-08-06T01:35:47.650636,UDP,98
9,192.168.1.18,198.51.100.10,1009,1027,2024-08-05T17:17:08.650636,TCP,445
9,192.168.1.24,198.51.100.15,1083,1013,2024-08-05T19:53:33.650636,UDP,1498
8,192.168.1.11,203.0.113.10,1013,1040,2024-08-06T03:23:19.650636,TCP,234
13,192.168.1.14,10.0.0.3,1034,1042,2024-08-06T08:48:12.650636,UDP,357
15,192.168.1.10,10.0.0.8,1053,1086,2024-08-05T19:25:03.650636,TCP,1183
11,192.168.1.24,10.0.0.4,1096,1065,2024-08-06T02:32:26.650636,UDP,449
13,192.168.1.10,198.51.100.20,1036,1005,2024-08-06T07:00:36.650636,UDP,941
6,192.168.1.23,10.0.0.4,1076,1077,2024-08-05T21:46:29.650636,UDP,157
8,192.168.1.20,203.0.113.10,1090,1087,2024-08-05T21:31:05.650636,TCP,910
2,192.168.1.17,198.51.100.15,1075,1052,2024-08-06T05:51:32.650636,TCP,356
2,192.168.1.20,10.0.0.4,1026,1017,2024-08-06T11:34:26.650636,TCP,1439
13,192.168.1.20,203.0.113.20,1023,1032,2024-08-06T01:59:20.650636,UDP,917
4,192.168.1.18,10.0.0.4,1022,1025,2024-08-05T20:24:14.650636,TCP,945
9,192.168.1.10,203.0.113.10,1035,1055,2024-08-05T20:04:50.650636,TCP,513
5,192.168.1.22,10.0.0.5,1026,1046,2024-08-06T08:06:20.650636,TCP,1217
4,192.168.1.20,203.0.113.10,1021,1023,2024-08-05T17:05:50.650636,TCP,81
8,192.168.1.20,203.0.113.15,1074,1031,2024-08-05T18:21:27.650636,UDP,291
11,192.168.1.22,10.0.0.8,1009,1034,2024-08-05T21:05:35.650636,UDP,578
7,192.168.1.11,198.51.100.15,1029,1090,2024-08-06T13:15:57.650636,TCP,338
3,192.168.1.13,203.0.113.10,1037,1096,2024-08-06T11:59:35.650636,TCP,712
1,192.168.1.11,198.51.100.20,1000,1051,2024-08-05T17:04:44.650636,UDP,303
4,192.168.1.12,10.0.0.7,1007,1025,2024-08-05T16:24:58.650636,UDP,556
1,192.168.1.18,203.0.113.10,1022,1012,2024-08-05T17:02:01.650636,UDP,603
1,192.168.1.13,198.51.100.10,1057,1022,2024-08-05T18:52:07.650636,UDP,112
10,192.168.1.16,10.0.0.4,1043,1042,2024-08-06T10:51:28.650636,UDP,858
5,192.168.1.11,10.0.0.3,1001,1037,2024-08-05T21:55:40.650636,UDP,791
12,192.168.1.20,10.0.0.4,1080,1083,2024-08-06T04:40:28.650636,TCP,162
14,192.168.1.18,203.0.113.15,1085,1048,2024-08-05T18:43:15.650636,TCP,833
13,192.168.1.19,198.51.100.15,1082,1092,2024-08-06T02:55:20.650636,TCP,480
11,192.168.1.19,10.0.0.6,1006,1025,2024-08-05T16:53:43.650636,TCP,569
7,192.168.1.17,198.51.100.20,1094,1020,2024-08-05T21:59:56.650636,TCP,1002
4,192.168.1.15,10.0.0.6,1036,1080,2024-08-05T19:38:35.650636,TCP,1342
10,192.168.1.19,10.0.0.8,1057,1052,2024-08-05T13:48:39.650636,UDP,1339
10,192.168.1.21,203.0.113.20,1030,1013,2024-08-06T11:25:28.650636,UDP,1328
7,192.168.1.16,10.0.0.7,1071,1075,2024-08-06T11:08:17.650636,TCP,1053
4,192.168.1.13,10.0.0.4,1078,1009,2024-08-05T23:07:51.650636,TCP,1358
11,192.168.1.19,10.0.0.6,1026,1029,2024-08-05T18:12:38.650636,UDP,859
7,192.168.1.17,10.0.0.2,1095,1095,2024-08-05T20:59:24.650636,TCP,252
8,192.168.1.16,10.0.0.4,1058,1024,2024-08-06T01:40:17.650636,TCP,1503
2,192.168.1.10,198.51.100.15,1047,1085,2024-08-06T04:06:27.650636,UDP,592
1,192.168.1.20,203.0.113.15,1039,1014,2024-08-05T16:59:16.650636,TCP,1506
2,192.168.1.10,10.0.0.1,1018,1068,2024-08-05T14:20:14.650636,TCP,752
3,192.168.1.14,10.0.0.4,1025,1074,2024-08-06T10:07:12.650636,TCP,131
5,192.168.1.13,198.51.100.5,1090,1092,2024-08-05T20:48:00.650636,UDP,338
13,192.168.1.12,10.0.0.7,1074,1078,2024-08-06T05:49:17.650636,UDP,542
1,192.168.1.13,203.0.113.15,1053,1083,2024-08-06T04:37:56.650636,UDP,1180
6,192.168.1.18,198.51.100.5,1043,1049,2024-08-05T14:08:27.650636,TCP,739
12,192.168.1.24,10.0.0.2,1062,1059,2024-08-06T11:08:45.650636,UDP,1227
12,192.168.1.18,10.0.0.6,1032,1040,2024-08-05T17:59:22.650636,UDP,1288
11,192.168.1.22,203.0.113.20,1068,1050,2024-08-05T23:49:22.650636,TCP,1285
10,192.168.1.11,10.0.0.2,1045,1026,2024-08-06T12:56:54.650636,TCP,553
7,192.168.1.13,198.51.100.5,1021,1029,2024-08-06T06:31:23.650636,UDP,705
5,192.168.1.19,198.51.100.15,1036,1072,2024-08-06T10:30:26.650636,UDP,1404
8,192.168.1.20,198.51.100.20,1097,1087,2024-08-05T20:32:00.650636,TCP,994
9,192.168.1.20,198.51.100.15,1039,1029,2024-08-05T21:03:50.650636,TCP,64
9,192.168.1.14,10.0.0.2,1078,1057,2024-08-05T14:50:51.650636,UDP,238
15,192.168.1.24,10.0.0.4,1040,1084,2024-08-05T20:58:10.650636,TCP,1391
8,192.168.1.18,198.51.100.20,1023,1040,2024-08-06T00:50:56.650636,UDP,395
12,192.168.1.13,198.51.100.20,1017,1028,2024-08-05T21:21:56.650636,UDP,1137
13,192.168.1.20,10.0.0.7,1035,1039,2024-08-06T01:06:51.650636,UDP,375
2,192.168.1.20,10.0.0.4,1045,1032,2024-08-06T09:03:13.650636,TCP,467
2,192.168.1.13,10.0.0.3,1040,1072,2024-08-06T11:33:29.650636,TCP,1466
9,192.168.1.23,10.0.0.7,1021,1014,2024-08-06T06:09:31.650636,TCP,1143
9,192.168.1.18,10.0.0.7,1038,1028,2024-08-06T05:59:33.650636,TCP,1346
5,192.168.1.24,10.0.0.3,1034,1050,2024-08-06T00:09:03.650636,TCP,86
4,192.168.1.11,198.51.100.10,1078,1080,2024-08-05T19:50:03.650636,UDP,1034
2,192.168.1.12,10.0.0.7,1099,1081,2024-08-05T20:38:00.650636,UDP,539
3,192.168.1.20,203.0.113.10,1010,1007,2024-08-05T20:09:53.650636,UDP,882
6,192.168.1.17,203.0.113.15,1077,1057,2024-08-06T04:44:43.650636,UDP,236
4,192.168.1.24,203.0.113.10,1007,1082,2024-08-06T08:22:47.650636,TCP,1308
9,192.168.1.11,10.0.0.1,1067,1045,2024-08-05T14:53:12.650636,TCP,674
10,192.168.1.16,203.0.113.20,1073,1032,2024-08-05T16:27:47.650636,TCP,1092
15,192.168.1.22,10.0.0.4,1001,1011,2024-08-06T03:00:11.650636,UDP,442
13,192.168.1.23,10.0.0.7,1005,1038,2024-08-06T01:12:43.650636,UDP,678
1,192.168.1.18,198.51.100.20,1099,1015,2024-08-06T11:34:08.650636,TCP,1111
13,192.168.1.21,10.0.0.2,1088,1087,2024-08-06T11:06:33.650636,UDP,837
2,192.168.1.14,198.51.100.10,1035,1099,2024-08-05T17:04:55.650636,UDP,1056
11,192.168.1.13,203.0.113.10,1060,1080,2024-08-05T16:02:16.650636,UDP,157
10,192.168.1.20,10.0.0.1,1036,1045,2024-08-05T17:01:06.650636,TCP,624
8,192.168.1.19,10.0.0.1,1073,1040,2024-08-06T11:19:14.650636,TCP,1328
15,192.168.1.21,10.0.0.5,1027,1011,2024-08-05T14:24:29.650636,UDP,492
9,192.168.1.18,198.51.100.20,1037,1061,2024-08-05T16:56:48.650636,UDP,440
11,192.168.1.24,198.51.100.20,1060,1058,2024-08-05T17:20:28.650636,TCP,78
9,192.168.1.24,203.0.113.20,1048,1008,2024-08-06T06:41:18.650636,TCP,939
4,192.168.1.13,203.0.113.15,1065,1093,2024-08-06T06:35:39.650636,TCP,1371
7,192.168.1.22,10.0.0.3,1049,1030,2024-08-05T14:14:37.650636,UDP,1510
10,192.168.1.17,10.0.0.7,1000,1037,2024-08-06T06:27:20.650636,UDP,309
10,192.168.1.10,10.0.0.2,1049,1073,2024-08-06T04:15:24.650636,UDP,1196
15,192.168.1.18,10.0.0.3,1035,1042,2024-08-06T11:30:26.650636,TCP,1107
13,192.168.1.12,198.51.100.5,1043,1091,2024-08-06T12:21:29.650636,TCP,603
1,192.168.1.23,10.0.0.6,1096,1078,2024-08-06T08:18:51.650636,TCP,583
8,192.168.1.20,10.0.0.2,1094,1023,2024-08-05T14:12:17.650636,UDP,911
8,192.168.1.19,198.51.100.5,1022,1044,2024-08-05T13:57:34.650636,UDP,657
1,192.168.1.18,10.0.0.7,1084,1056,2024-08-06T05:16:36.650636,UDP,1202
1,192.168.1.11,198.51.100.10,1067,1000,2024-08-06T10:02:41.650636,UDP,432
12,192.168.1.24,10.0.0.5,1066,1084,2024-08-06T07:45:44.650636,TCP,477
14,192.168.1.13,198.51.100.10,1086,1029,2024-08-05T23:19:15.650636,UDP,601
12,192.168.1.16,10.0.0.2,1090,1051,2024-08-06T05:36:46.650636,UDP,1178
11,192.168.1.23,203.0.113.20,1056,1045,2024-08-06T12:57:40.650636,TCP,251
7,192.168.1.20,10.0.0.4,1087,1080,2024-08-06T07:39:44.650636,UDP,237
15,192.168.1.17,198.51.100.5,1084,1059,2024-08-06T13:28:36.650636,TCP,725
12,192.168.1.18,10.0.0.5,1088,1097,2024-08-05T22:26:13.650636,UDP,1413
11,192.168.1.18,10.0.0.5,1051,1058,2024-08-06T08:49:55.650636,UDP,560
11,192.168.1.12,198.51.100.5,1094,1025,2024-08-05T19:36:55.650636,UDP,601
5,192.168.1.22,10.0.0.8,1098,1039,2024-08-05T19:45:25.650636,TCP,586
3,192.168.1.19,10.0.0.6,1017,1098,2024-08-06T12:55:55.650636,TCP,551
7,192.168.1.11,10.0.0.7,1069,1067,2024-08-06T09:26:50.650636,UDP,1005
11,192.168.1.12,198.51.100.10,1056,1059,2024-08-06T05:24:54.650636,TCP,585
9,192.168.1.14,198.51.100.10,1058,1056,2024-08-05T22:56:14.650636,UDP,908
13,192.168.1.10,10.0.0.6,1082,1000,2024-08-05T21:31:25.650636,UDP,240
13,192.168.1.24,10.0.0.3,1036,1044,2024-08-05T23:11:18.650636,TCP,897
9,192.168.1.19,203.0.113.10,1009,1099,2024-08-06T06:44:26.650636,TCP,745
13,192.168.1.12,198.51.100.10,1096,1021,2024-08-06T12:20:42.650636,TCP,1045
8,192.168.1.17,10.0.0.3,1001,1050,2024-08-05T19:07:34.650636,UDP,785
5,192.168.1.14,10.0.0.2,1007,1074,2024-08-05T16:32:04.650636,TCP,1265
13,192.168.1.17,203.0.113.15,1013,1000,2024-08-05T22:55:44.650636,UDP,983
6,192.168.1.18,10.0.0.3,1094,1097,2024-08-06T09:29:18.650636,TCP,1408
10,192.168.1.17,10.0.0.3,1073,1049,2024-08-06T08:44:13.650636,TCP,130
6,192.168.1.11,10.0.0.6,1092,1069,2024-08-06T12:18:49.650636,UDP,1039
1,192.168.1.24,198.51.100.20,1031,1095,2024-08-06T04:05:09.650636,TCP,966
11,192.168.1.21,10.0.0.2,1033,1067,2024-08-05T20:24:42.650636,UDP,374
4,192.168.1.10,203.0.113.15,1013,1040,2024-08-05T14:57:40.650636,TCP,1436
11,192.168.1.13,10.0.0.4,1064,1055,2024-08-06T12:16:23.650636,UDP,182
14,192.168.1.22,203.0.113.10,1085,1061,2024-08-06T09:02:14.650636,UDP,527
3,192.168.1.16,198.51.100.10,1069,1027,2024-08-05T16:37:30.650636,UDP,174
1,192.168.1.17,203.0.113.10,1034,1032,2024-08-06T12:07:13.650636,TCP,1091
10,192.168.1.10,10.0.0.1,1056,1072,2024-08-06T07:27:37.650636,UDP,1487
3,192.168.1.23,10.0.0.4,1076,1099,2024-08-05T20:21:02.650636,TCP,1136
14,192.168.1.21,198.51.100.10,1074,1088,2024-08-06T07:19:54.650636,TCP,940
1,192.168.1.15,198.51.100.5,1032,1014,2024-08-06T13:01:41.650636,UDP,750
15,192.168.1.18,10.0.0.1,1016,1062,2024-08-05T16:42:14.650636,UDP,608
15,192.168.1.18,198.51.100.5,1063,1039,2024-08-06T10:56:53.650636,TCP,1214
15,192.168.1.16,203.0.113.10,1063,1075,2024-08-05T16:56:13.650636,TCP,692
13,192.168.1.22,10.0.0.6,1082,1079,2024-08-06T11:25:27.650636,TCP,1087
10,192.168.1.14,10.0.0.4,1022,1019,2024-08-05T21:09:09.650636,TCP,548
14,192.168.1.20,10.0.0.2,1015,1024,2024-08-05T16:40:54.650636,TCP,647
6,192.168.1.19,10.0.0.8,1002,1015,2024-08-06T06:44:55.650636,UDP,1287
6,192.168.1.11,198.51.100.10,1041,1069,2024-08-05T21:49:54.650636,UDP,327
14,192.168.1.23,10.0.0.5,1086,1001,2024-08-05T21:20:36.650636,UDP,172
10,192.168.1.20,10.0.0.1,1072,1090,2024-08-05T16:15:47.650636,UDP,652
10,192.168.1.18,203.0.113.20,1080,1062,2024-08-05T23:58:53.650636,UDP,1220
2,192.168.1.12,10.0.0.8,1099,1077,2024-08-06T00:55:44.650636,TCP,305
15,192.168.1.24,203.0.113.15,1016,1075,2024-08-06T02:56:11.650636,TCP,661
12,192.168.1.12,10.0.0.6,1071,1024,2024-08-06T12:55:34.650636,TCP,434
12,192.168.1.14,198.51.100.15,1017,1001,2024-08-05T20:43:13.650636,TCP,1360
10,192.168.1.17,10.0.0.6,1076,1038,2024-08-06T10:54:17.650636,UDP,1170
14,192.168.1.20,203.0.113.10,1040,1053,2024-08-06T06:08:04.650636,TCP,1500
11,192.168.1.11,10.0.0.8,1020,1000,2024-08-06T11:54:20.650636,UDP,1014
9,192.168.1.11,203.0.113.10,1088,1042,2024-08-06T02:03:44.650636,UDP,813
11,192.168.1.12,203.0.113.20,1072,1025,2024-08-05T23:15:42.650636,UDP,1411
1,192.168.1.20,203.0.113.20,1006,1051,2024-08-05T14:38:38.650636,UDP,746
5,192.168.1.17,10.0.0.2,1052,1025,2024-08-06T02:19:47.650636,TCP,796
1,192.168.1.17,10.0.0.6,1078,1054,2024-08-05T21:58:31.650636,UDP,883
3,192.168.1.24,203.0.113.15,1005,1001,2024-08-06T07:51:34.650636,TCP,557
9,192.168.1.14,10.0.0.5,1056,1018,2024-08-06T07:49:25.650636,UDP,825
13,192.168.1.23,10.0.0.7,1086,1083,2024-08-05T20:30:04.650636,TCP,512
9,192.168.1.19,198.51.100.10,1059,1088,2024-08-06T03:14:55.650636,UDP,1488
10,192.168.1.12,10.0.0.6,1091,1061,2024-08-06T09:19:30.650636,UDP,829
15,192.168.1.18,10.0.0.4,1096,1046,2024-08-06T07:15:20.650636,UDP,419
1,192.168.1.10,10.0.0.6,1017,1055,2024-08-05T17:10:29.650636,UDP,672
11,192.168.1.12,10.0.0.6,1063,1074,2024-08-06T13:07:57.650636,TCP,1201
3,192.168.1.18,198.51.100.5,1051,1066,2024-08-06T08:11:31.650636,TCP,1437
14,192.168.1.15,10.0.0.8,1007,1073,2024-08-06T10:29:27.650636,TCP,1101
15,192.168.1.10,198.51.100.5,1040,1097,2024-08-05T20:39:06.650636,UDP,173
2,192.168.1.10,10.0.0.8,1089,1038,2024-08-06T10:17:11.650636,UDP,344
1,192.168.1.15,10.0.0.1,1089,1048,2024-08-06T07:55:15.650636,TCP,495
9,192.168.1.13,10.0.0.7,1067,1031,2024-08-05T14:53:54.650636,UDP,1438
8,192.168.1.14,10.0.0.6,1007,1000,2024-08-06T11:56:51.650636,UDP,1225
5,192.168.1.19,10.0.0.3,1044,1072,2024-08-06T03:25:27.650636,TCP,252
11,192.168.1.17,203.0.113.15,1040,1056,2024-08-05T18:36:17.650636,UDP,669
8,192.168.1.19,10.0.0.7,1036,1026,2024-08-05T14:38:14.650636,UDP,702
5,192.168.1.18,198.51.100.5,1086,1077,2024-08-06T11:34:16.650636,UDP,639
3,192.168.1.12,10.0.0.3,1025,1082,2024-08-05T19:28:54.650636,TCP,841
3,192.168.1.18,203.0.113.15,1075,1026,2024-08-06T01:25:25.650636,TCP,804
3,192.168.1.22,10.0.0.2,1048,1069,2024-08-06T04:24:46.650636,TCP,1321
11,192.168.1.22,10.0.0.8,1063,1081,2024-08-05T20:18:01.650636,TCP,673
8,192.168.1.10,10.0.0.6,1006,1026,2024-08-06T00:29:39.650636,UDP,624
9,192.168.1.10,10.0.0.8,1080,1097,2024-08-06T03:53:00.650636,TCP,167
8,192.168.1.14,10.0.0.1,1006,1095,2024-08-05T15:30:14.650636,TCP,1260
5,192.168.1.18,10.0.0.1,1066,1015,2024-08-06T12:27:37.650636,UDP,707
1,192.168.1.13,10.0.0.2,1091,1023,2024-08-05T21:57:09.650636,UDP,207
5,192.168.1.18,203.0.113.10,1054,1045,2024-08-05T22:18:29.650636,UDP,644
10,192.168.1.17,10.0.0.8,1050,1017,2024-08-06T06:22:27.650636,UDP,825
10,192.168.1.10,10.0.0.2,1091,1035,2024-08-06T11:41:22.650636,TCP,451
12,192.168.1.11,198.51.100.15,1067,1067,2024-08-05T19:29:31.650636,TCP,870
5,192.168.1.18,203.0.113.20,1032,1021,2024-08-05T16:39:55.650636,UDP,751
6,192.168.1.23,203.0.113.10,1071,1056,2024-08-05T20:43:34.650636,TCP,726
12,192.168.1.17,10.0.0.5,1030,1039,2024-08-05T20:35:19.650636,TCP,1270
1,192.168.1.17,10.0.0.5,1067,1008,2024-08-05T18:07:44.650636,UDP,1090
5,192.168.1.11,10.0.0.3,1057,1014,2024-08-06T04:58:36.650636,TCP,1201
10,192.168.1.21,198.51.100.5,1084,1015,2024-08-05T16:47:41.650636,TCP,1512
1,192.168.1.23,10.0.0.6,1065,1081,2024-08-05T16:51:51.650636,UDP,507
12,192.168.1.22,198.51.100.15,1072,1072,2024-08-06T04:22:12.650636,UDP,727
2,192.168.1.14,198.51.100.5,1049,1013,2024-08-05T15:20:08.650636,UDP,1129
10,192.168.1.22,10.0.0.1,1017,1097,2024-08-06T00:30:29.650636,UDP,1242
4,192.168.1.11,203.0.113.10,1050,1087,2024-08-05T21:49:49.650636,UDP,201
1,192.168.1.20,10.0.0.7,1035,1055,2024-08-06T10:17:24.650636,TCP,207
7,192.168.1.24,198.51.100.20,1051,1041,2024-08-06T06:17:49.650636,TCP,336
10,192.168.1.23,10.0.0.3,1057,1008,2024-08-05T17:49:27.650636,TCP,143
11,192.168.1.18,10.0.0.5,1062,1011,2024-08-06T05:37:51.650636,TCP,1463
10,192.168.1.14,198.51.100.15,1014,1036,2024-08-06T02:20:16.650636,UDP,389
9,192.168.1.15,10.0.0.1,1047,1082,2024-08-05T14:14:54.650636,UDP,544
11,192.168.1.20,203.0.113.20,1051,1049,2024-08-06T08:24:57.650636,UDP,1139
12,192.168.1.13,198.51.100.5,1064,1034,2024-08-05T23:25:10.650636,TCP,1335
15,192.168.1.19,198.51.100.5,1073,1000,2024-08-05T16:04:23.650636,UDP,619
5,192.168.1.16,198.51.100.20,1069,1048,2024-08-05T17:32:53.650636,TCP,653
7,192.168.1.24,203.0.113.10,1095,1047,2024-08-06T11:21:53.650636,UDP,1120
5,192.168.1.13,10.0.0.1,1024,1090,2024-08-06T01:13:32.650636,UDP,569
7,192.168.1.23,198.51.100.20,1073,1098,2024-08-06T02:52:26.650636,TCP,1358
8,192.168.1.13,198.51.100.20,1003,1070,2024-08-05T19:32:33.650636,UDP,1355
9,192.168.1.11,203.0.113.15,1078,1010,2024-08-05T21:58:09.650636,UDP,1182
14,192.168.1.12,198.51.100.10,1077,1042,2024-08-05T14:30:20.650636,UDP,258
8,192.168.1.20,198.51.100.10,1014,1029,2024-08-06T13:24:08.650636,TCP,851
2,192.168.1.13,10.0.0.5,1048,1021,2024-08-06T05:36:35.650636,TCP,286
2,192.168.1.24,203.0.113.15,1040,1064,2024-08-06T06:43:20.650636,UDP,369
1,192.168.1.18,203.0.113.20,1059,1017,2024-08-06T12:08:02.650636,UDP,903
13,192.168.1.19,10.0.0.2,1095,1067,2024-08-06T01:03:30.650636,TCP,1353
6,192.168.1.22,10.0.0.2,1010,1041,2024-08-05T21:53:38.650636,TCP,958
1,192.168.1.18,198.51.100.10,1017,1086,2024-08-06T09:51:10.650636,TCP,1239
7,192.168.1.20,10.0.0.8,1005,1034,2024-08-06T05:47:55.650636,TCP,64
12,192.168.1.22,198.51.100.5,1029,1059,2024-08-05T16:14:48.650636,TCP,731
3,192.168.1.12,203.0.113.20,1010,1056,2024-08-06T13:17:07.650636,TCP,1160
8,192.168.1.22,198.51.100.5,1070,1065,2024-08-06T04:32:15.650636,UDP,805
2,192.168.1.22,203.0.113.10,1082,1026,2024-08-06T02:38:25.650636,UDP,321
1,192.168.1.18,203.0.113.10,1056,1078,2024-08-06T00:49:42.650636,TCP,960
6,192.168.1.21,10.0.0.5,1030,1095,2024-08-06T12:49:46.650636,UDP,693
2,192.168.1.16,10.0.0.1,1097,1056,2024-08-05T23:17:05.650636,TCP,654
5,192.168.1.18,203.0.113.10,1011,1045,2024-08-06T09:47:38.650636,UDP,1266
11,192.168.1.12,10.0.0.3,1036,1054,2024-08-05T20:18:29.650636,UDP,449
12,192.168.1.20,198.51.100.20,1042,1013,2024-08-05T23:14:49.650636,TCP,1224
10,192.168.1.19,203.0.113.20,1095,1003,2024-08-05T17:17:46.650636,TCP,1356
12,192.168.1.19,10.0.0.8,1092,1096,2024-08-06T06:49:05.650636,UDP,406
1,192.168.1.14,198.51.100.15,1017,1009,2024-08-06T07:27:29.650636,TCP,1231
6,192.168.1.14,10.0.0.8,1089,1042,2024-08-06T12:51:43.650636,TCP,251
5,192.168.1.19,10.0.0.2,1073,1084,2024-08-06T00:12:56.650636,TCP,222
7,192.168.1.14,10.0.0.6,1098,1074,2024-08-05T21:54:48.650636,TCP,1182
14,192.168.1.20,198.51.100.15,1096,1059,2024-08-06T03:16:42.650636,UDP,1056
9,192.168.1.24,198.51.100.20,1043,1058,2024-08-05T16:44:20.650636,UDP,1268
7,192.168.1.22,10.0.0.7,1044,1063,2024-08-05T19:11:17.650636,UDP,710
3,192.168.1.21,203.0.113.15,1007,1010,2024-08-06T12:14:16.650636,UDP,770
5,192.168.1.11,10.0.0.8,1065,1090,2024-08-05T21:19:28.650636,TCP,645
3,192.168.1.15,10.0.0.1,1022,1008,2024-08-05T22:04:28.650636,TCP,647
12,192.168.1.13,198.51.100.10,1043,1081,2024-08-05T14:53:21.650636,UDP,1074
11,192.168.1.15,10.0.0.5,1098,1003,2024-08-06T13:26:23.650636,UDP,820
12,192.168.1.18,10.0.0.1,1065,1023,2024-08-06T04:26:27.650636,UDP,1264
1,192.168.1.11,10.0.0.1,1002,1050,2024-08-05T19:39:56.650636,UDP,1183
12,192.168.1.19,203.0.113.15,1085,1066,2024-08-05T17:22:28.650636,TCP,701
9,192.168.1.15,10.0.0.1,1090,1055,2024-08-06T10:21:42.650636,TCP,1197
2,192.168.1.14,203.0.113.15,1024,1079,2024-08-06T01:09:48.650636,UDP,1303
3,192.168.1.17,10.0.0.3,1009,1008,2024-08-05T17:42:33.650636,UDP,1429
5,192.168.1.10,10.0.0.6,1075,1097,2024-08-06T09:32:22.650636,UDP,701
1,192.168.1.20,10.0.0.1,1026,1007,2024-08-06T10:44:41.650636,UDP,960
7,192.168.1.14,10.0.0.6,1083,1050,2024-08-06T00:22:02.650636,UDP,371
15,192.168.1.18,10.0.0.2,1012,1024,2024-08-05T21:12:50.650636,TCP,1078
13,192.168.1.13,198.51.100.5,1002,1036,2024-08-05T15:23:44.650636,TCP,806
3,192.168.1.11,10.0.0.1,1022,1030,2024-08-06T05:53:38.650636,UDP,779
15,192.168.1.12,10.0.0.4,1055,1025,2024-08-06T01:55:48.650636,UDP,887
1,192.168.1.17,203.0.113.20,1043,1085,2024-08-05T19:22:32.650636,UDP,413
5,192.168.1.22,10.0.0.8,1031,1044,2024-08-05T21:31:44.650636,TCP,1345
11,192.168.1.14,203.0.113.20,1005,1039,2024-08-06T10:00:15.650636,TCP,1250
9,192.168.1.23,10.0.0.1,1056,1019,2024-08-06T03:28:07.650636,UDP,1177
8,192.168.1.10,10.0.0.3,1074,1049,2024-08-05T15:19:15.650636,TCP,556
8,192.168.1.12,10.0.0.3,1085,1055,2024-08-05T17:36:55.650636,TCP,940
8,192.168.1.14,10.0.0.7,1046,1067,2024-08-06T07:40:20.650636,TCP,912
1,192.168.1.23,10.0.0.6,1078,1042,2024-08-05T21:40:01.650636,UDP,1019
12,192.168.1.11,10.0.0.1,1038,1029,2024-08-06T08:44:31.650636,TCP,104
1,192.168.1.19,198.51.100.10,1054,1016,2024-08-05T14:17:19.650636,TCP,164
15,192.168.1.18,203.0.113.15,1046,1023,2024-08-06T00:35:02.650636,TCP,992
8,192.168.1.14,198.51.100.15,1076,1067,2024-08-06T13:07:24.650636,UDP,415
2,192.168.1.20,10.0.0.7,1016,1044,2024-08-06T10:59:09.650636,UDP,1036
7,192.168.1.14,198.51.100.20,1078,1024,2024-08-06T10:31:10.650636,TCP,1472
13,192.168.1.12,10.0.0.5,1060,1059,2024-08-05T18:37:34.650636,TCP,311
3,192.168.1.23,10.0.0.8,1016,1035,2024-08-06T06:47:04.650636,UDP,1201
2,192.168.1.22,10.0.0.4,1063,1090,2024-08-06T11:30:26.650636,TCP,1461
11,192.168.1.23,10.0.0.1,1020,1070,2024-08-06T10:35:47.650636,TCP,549
14,192.168.1.24,10.0.0.6,1038,1027,2024-08-05T22:24:30.650636,TCP,596
15,192.168.1.13,10.0.0.1,1010,1097,2024-08-06T06:01:45.650636,TCP,1381
3,192.168.1.22,10.0.0.5,1074,1075,2024-08-05T18:58:12.650636,UDP,1010
15,192.168.1.12,10.0.0.4,1099,1084,2024-08-06T04:19:02.650636,UDP,468
2,192.168.1.10,10.0.0.4,1023,1062,2024-08-06T06:41:43.650636,UDP,89
3,192.168.1.12,198.51.100.10,1007,1093,2024-08-05T17:00:41.650636,UDP,1064
3,192.168.1.17,10.0.0.3,1063,1031,2024-08-05T14:22:58.650636,TCP,928
10,192.168.1.19,10.0.0.5,1042,1090,2024-08-05T22:47:33.650636,UDP,1182
10,192.168.1.23,10.0.0.1,1086,1091,2024-08-06T01:45:22.650636,TCP,755
15,192.168.1.10,10.0.0.4,1021,1008,2024-08-06T12:23:55.650636,UDP,224
4,192.168.1.11,10.0.0.6,1093,1021,2024-08-06T04:32:43.650636,UDP,1089
5,192.168.1.23,10.0.0.6,1059,1026,2024-08-05T15:39:03.650636,TCP,456
14,192.168.1.17,10.0.0.7,1075,1062,2024-08-05T22:42:44.650636,TCP,887
8,192.168.1.21,203.0.113.15,1058,1018,2024-08-06T03:30:01.650636,TCP,360
8,192.168.1.10,10.0.0.5,1041,1028,2024-08-05T23:23:33.650636,UDP,954
7,192.168.1.14,198.51.100.20,1096,1003,2024-08-06T04:53:24.650636,UDP,1273
3,192.168.1.11,198.51.100.5,1052,1060,2024-08-05T23:46:34.650636,TCP,172
10,192.168.1.15,198.51.100.5,1035,1041,2024-08-05T21:25:50.650636,TCP,976
8,192.168.1.14,10.0.0.7,1052,1012,2024-08-06T13:24:05.650636,TCP,1472
10,192.168.1.22,10.0.0.1,1068,1017,2024-08-06T05:41:35.650636,TCP,1303
11,192.168.1.19,10.0.0.7,1088,1068,2024-08-06T01:01:05.650636,UDP,1140
5,192.168.1.10,198.51.100.20,1031,1099,2024-08-06T08:10:43.650636,UDP,326
10,192.168.1.11,198.51.100.15,1048,1091,2024-08-06T12:24:54.650636,TCP,304
14,192.168.1.22,10.0.0.2,1088,1047,2024-08-05T23:26:13.650636,TCP,809
2,192.168.1.19,10.0.0.7,1002,1027,2024-08-06T00:36:40.650636,TCP,866
13,192.168.1.22,198.51.100.5,1093,1088,2024-08-06T09:39:05.650636,UDP,1123
10,192.168.1.12,10.0.0.1,1037,1019,2024-08-06T10:46:32.650636,UDP,1426
2,192.168.1.23,10.0.0.6,1023,1083,2024-08-05T22:18:56.650636,TCP,1014
2,192.168.1.17,203.0.113.10,1098,1041,2024-08-06T12:35:06.650636,TCP,845
3,192.168.1.12,198.51.100.5,1071,1004,2024-08-06T01:17:41.650636,UDP,1062
10,192.168.1.24,198.51.100.5,1079,1084,2024-08-05T21:12:43.650636,UDP,585
6,192.168.1.15,10.0.0.6,1011,1005,2024-08-05T20:46:47.650636,UDP,1039
10,192.168.1.19,10.0.0.8,1007,1022,2024-08-05T17:01:46.650636,TCP,1492
1,192.168.1.22,10.0.0.4,1053,1081,2024-08-05T20:50:30.650636,TCP,396
1,192.168.1.19,10.0.0.3,1075,1082,2024-08-06T13:34:29.650636,UDP,531
6,192.168.1.23,203.0.113.15,1074,1011,2024-08-05T21:23:24.650636,TCP,399
11,192.168.1.20,198.51.100.10,1007,1001,2024-08-06T07:50:02.650636,TCP,386
8,192.168.1.14,198.51.100.10,1065,1039,2024-08-05T23:17:11.650636,UDP,1441
2,192.168.1.13,198.51.100.10,1052,1084,2024-08-06T02:08:29.650636,TCP,408
12,192.168.1.18,10.0.0.4,1096,1006,2024-08-06T02:18:46.650636,TCP,458
9,192.168.1.15,10.0.0.6,1098,1015,2024-08-06T10:39:43.650636,UDP,1197
8,192.168.1.20,10.0.0.8,1039,1062,2024-08-06T06:37:58.650636,TCP,991
8,192.168.1.20,10.0.0.5,1013,1048,2024-08-06T05:11:45.650636,TCP,67
4,192.168.1.20,10.0.0.5,1007,1082,2024-08-06T12:47:30.650636,UDP,862
1,192.168.1.15,10.0.0.3,1072,1088,2024-08-05T14:29:41.650636,UDP,124
6,192.168.1.24,10.0.0.1,1055,1062,2024-08-06T12:24:00.650636,TCP,97
1,192.168.1.12,198.51.100.15,1004,1081,2024-08-05T15:49:36.650636,UDP,583
3,192.168.1.11,203.0.113.10,1026,1074,2024-08-05T23:58:34.650636,TCP,987
1,192.168.1.22,10.0.0.1,1032,1066,2024-08-06T03:02:57.650636,UDP,93
10,192.168.1.18,198.51.100.20,1095,1034,2024-08-06T13:05:37.650636,TCP,90
5,192.168.1.21,203.0.113.10,1057,1056,2024-08-06T12:08:43.650636,TCP,458
13,192.168.1.22,198.51.100.10,1065,1071,2024-08-05T18:37:24.650636,TCP,1345
3,192.168.1.11,198.51.100.5,1068,1070,2024-08-06T01:06:58.650636,TCP,1020
7,192.168.1.14,10.0.0.8,1021,1057,2024-08-06T12:55:31.650636,TCP,96
2,192.168.1.16,10.0.0.5,1093,1051,2024-08-06T07:34:38.650636,TCP,328
8,192.168.1.23,198.51.100.20,1050,1008,2024-08-05T21:01:23.650636,UDP,546
11,192.168.1.20,10.0.0.6,1004,1072,2024-08-05T16:59:26.650636,TCP,609
13,192.168.1.22,203.0.113.20,1041,1012,2024-08-05T16:34:31.650636,TCP,299
9,192.168.1.12,10.0.0.6,1022,1079,2024-08-06T04:26:33.650636,UDP,1031
1,192.168.1.12,10.0.0.7,1066,1053,2024-08-05T14:52:46.650636,TCP,495
5,192.168.1.23,198.51.100.5,1096,1096,2024-08-05T16:08:41.650636,TCP,544
14,192.168.1.11,198.51.100.20,1057,1008,2024-08-06T04:14:07.650636,UDP,1287
11,192.168.1.18,10.0.0.5,1033,1015,2024-08-06T02:15:09.650636,UDP,355
15,192.168.1.19,203.0.113.10,1009,1011,2024-08-06T01:55:54.650636,UDP,1080
3,192.168.1.11,10.0.0.1,1096,1042,2024-08-05T16:58:05.650636,UDP,336
3,192.168.1.13,10.0.0.5,1023,1090,2024-08-05T14:43:17.650636,TCP,1329
12,192.168.1.19,10.0.0.7,1017,1088,2024-08-06T03:55:47.650636,TCP,1410
10,192.168.1.23,10.0.0.1,1017,1018,2024-08-06T00:31:20.650636,UDP,673
13,192.168.1.15,10.0.0.8,1089,1006,2024-08-05T23:59:07.650636,UDP,855
4,192.168.1.10,10.0.0.2,1033,1080,2024-08-06T04:31:16.650636,UDP,1320
9,192.168.1.20,10.0.0.5,1059,1033,2024-08-06T11:44:45.650636,UDP,1298
3,192.168.1.21,10.0.0.2,1000,1034,2024-08-06T11:34:16.650636,TCP,166
10,192.168.1.19,198.51.100.20,1097,1080,2024-08-06T06:11:58.650636,TCP,545
12,192.168.1.22,10.0.0.4,1081,1077,2024-08-06T03:53:53.650636,UDP,480
8,192.168.1.16,10.0.0.7,1010,1058,2024-08-06T08:22:34.650636,UDP,1075
7,192.168.1.14,198.51.100.5,1044,1042,2024-08-05T18:25:10.650636,UDP,368
15,192.168.1.15,10.0.0.2,1011,1065,2024-08-06T05:12:00.650636,UDP,1247
14,192.168.1.10,10.0.0.1,1025,1019,2024-08-05T15:58:06.650636,TCP,213
6,192.168.1.18,10.0.0.5,1010,1001,2024-08-06T08:39:46.650636,UDP,754
2,192.168.1.13,10.0.0.7,1070,1032,2024-08-05T20:06:44.650636,TCP,303
14,192.168.1.23,10.0.0.8,1089,1018,2024-08-06T12:36:41.650636,TCP,716
13,192.168.1.20,10.0.0.2,1044,1048,2024-08-05T17:29:00.650636,TCP,1342
8,192.168.1.24,10.0.0.2,1040,1099,2024-08-05T16:00:20.650636,UDP,266
1,192.168.1.18,203.0.113.20,1084,1075,2024-08-05T19:32:37.650636,UDP,110
12,192.168.1.14,203.0.113.10,1064,1066,2024-08-06T12:50:24.650636,TCP,548
15,192.168.1.19,203.0.113.20,1002,1049,2024-08-05T13:43:16.650636,TCP,297
7,192.168.1.24,10.0.0.8,1008,1021,2024-08-05T18:08:46.650636,UDP,369
14,192.168.1.21,10.0.0.6,1095,1092,2024-08-05T22:02:57.650636,UDP,636
12,192.168.1.22,10.0.0.2,1033,1074,2024-08-05T13:49:59.650636,TCP,245
13,192.168.1.15,198.51.100.10,1051,1067,2024-08-05T16:48:48.650636,TCP,399
2,192.168.1.21,10.0.0.1,1046,1045,2024-08-06T12:27:40.650636,TCP,1269
11,192.168.1.10,10.0.0.6,1089,1073,2024-08-06T09:11:58.650636,TCP,853
7,192.168.1.15,203.0.113.15,1015,1008,2024-08-06T01:14:30.650636,TCP,1489
5,192.168.1.20,10.0.0.3,1063,1075,2024-08-05T23:43:01.650636,UDP,78
9,192.168.1.18,198.51.100.15,1017,1085,2024-08-05T21:42:36.650636,TCP,309
12,192.168.1.20,198.51.100.5,1008,1040,2024-08-06T13:21:02.650636,UDP,1501
9,192.168.1.23,10.0.0.1,1002,1019,2024-08-06T00:05:58.650636,UDP,1278
11,192.168.1.19,10.0.0.4,1098,1098,2024-08-05T13:50:21.650636,UDP,350
6,192.168.1.20,10.0.0.5,1056,1020,2024-08-05T21:58:07.650636,UDP,895
13,192.168.1.19,10.0.0.3,1043,1057,2024-08-05T23:15:16.650636,UDP,900
6,192.168.1.10,10.0.0.6,1040,1080,2024-08-05T20:20:43.650636,TCP,1001
5,192.168.1.11,203.0.113.10,1054,1061,2024-08-06T01:49:24.650636,TCP,1258
8,192.168.1.17,10.0.0.2,1069,1065,2024-08-05T14:01:00.650636,UDP,407
13,192.168.1.10,198.51.100.10,1036,1008,2024-08-06T05:57:57.650636,TCP,573
4,192.168.1.20,10.0.0.2,1000,1083,2024-08-05T21:50:28.650636,TCP,601
2,192.168.1.12,10.0.0.8,1052,1063,2024-08-06T02:59:33.650636,UDP,742
3,192.168.1.16,203.0.113.10,1032,1064,2024-08-05T23:13:42.650636,TCP,390
15,192.168.1.12,10.0.0.5,1017,1056,2024-08-06T01:41:52.650636,UDP,1468
11,192.168.1.14,10.0.0.4,1066,1095,2024-08-05T15:52:41.650636,TCP,781
15,192.168.1.12,203.0.113.15,1023,1078,2024-08-06T07:53:59.650636,UDP,455
11,192.168.1.14,203.0.113.15,1087,1008,2024-08-06T09:21:34.650636,UDP,413
7,192.168.1.14,10.0.0.6,1078,1013,2024-08-06T03:35:12.650636,TCP,737
8,192.168.1.17,10.0.0.5,1036,1005,2024-08-06T12:34:17.650636,UDP,1138
15,192.168.1.15,198.51.100.15,1073,1037,2024-08-06T07:03:54.650636,UDP,1100
11,192.168.1.11,10.0.0.6,1062,1086,2024-08-06T04:03:05.650636,TCP,706
10,192.168.1.11,10.0.0.8,1036,1038,2024-08-06T07:49:16.650636,UDP,1192
14,192.168.1.21,10.0.0.1,1006,1054,2024-08-06T07:37:36.650636,UDP,1108
15,192.168.1.10,203.0.113.20,1020,1060,2024-08-06T00:00:40.650636,UDP,726
14,192.168.1.24,198.51.100.5,1072,1042,2024-08-05T23:53:20.650636,TCP,1154
15,192.168.1.23,10.0.0.4,1026,1013,2024-08-05T23:43:37.650636,TCP,530
8,192.168.1.23,10.0.0.4,1018,1079,2024-08-05T16:04:45.650636,UDP,390
5,192.168.1.20,10.0.0.6,1000,1075,2024-08-05T21:23:05.650636,UDP,680
4,192.168.1.20,198.51.100.15,1072,1078,2024-08-05T14:40:35.650636,TCP,1430
12,192.168.1.20,203.0.113.15,1024,1035,2024-08-05T15:02:26.650636,UDP,602
7,192.168.1.12,10.0.0.1,1093,1085,2024-08-05T22:29:49.650636,UDP,910
1,192.168.1.15,198.51.100.10,1042,1047,2024-08-05T22:14:23.650636,UDP,1028
5,192.168.1.10,10.0.0.7,1031,1017,2024-08-06T02:01:42.650636,TCP,1368
14,192.168.1.19,198.51.100.10,1082,1047,2024-08-06T02:56:09.650636,UDP,1269
13,192.168.1.11,10.0.0.8,1098,1012,2024-08-06T07:26:20.650636,TCP,1444
10,192.168.1.12,198.51.100.20,1012,1004,2024-08-05T16:58:51.650636,TCP,103
3,192.168.1.24,198.51.100.5,1006,1076,2024-08-05T17:33:57.650636,UDP,942
5,192.168.1.20,203.0.113.20,1037,1054,2024-08-05T15:14:55.650636,TCP,1106
3,192.168.1.14,10.0.0.4,1023,1037,2024-08-05T23:44:29.650636,UDP,752
5,192.168.1.15,203.0.113.20,1043,1060,2024-08-06T09:43:35.650636,TCP,928
14,192.168.1.18,198.51.100.10,1049,1052,2024-08-06T02:09:19.650636,UDP,1463
15,192.168.1.10,198.51.100.20,1081,1023,2024-08-06T04:00:35.650636,TCP,445
6,192.168.1.12,203.0.113.20,1045,1098,2024-08-05T23:05:17.650636,TCP,1264
8,192.168.1.23,198.51.100.10,1008,1024,2024-08-05T19:25:50.650636,TCP,112
6,192.168.1.13,10.0.0.7,1041,1095,2024-08-06T00:16:34.650636,TCP,1075
13,192.168.1.19,198.51.100.5,1074,1013,2024-08-06T10:59:29.650636,TCP,1044
12,192.168.1.23,198.51.100.20,1044,1098,2024-08-05T18:40:51.650636,UDP,579
10,192.168.1.18,10.0.0.5,1081,1004,2024-08-06T09:12:45.650636,UDP,244
8,192.168.1.21,10.0.0.6,1033,1016,2024-08-06T03:59:40.650636,UDP,1487
11,192.168.1.17,10.0.0.2,1008,1081,2024-08-05T17:07:25.650636,UDP,210
12,192.168.1.18,10.0.0.1,1044,1017,2024-08-05T19:38:17.650636,UDP,99
3,192.168.1.19,10.0.0.2,1027,1071,2024-08-05T23:45:13.650636,TCP,464
11,192.168.1.23,198.51.100.20,1068,1084,2024-08-05T22:28:25.650636,TCP,637
5,192.168.1.13,198.51.100.10,1067,1073,2024-08-05T23:10:07.650636,UDP,440
12,192.168.1.19,10.0.0.5,1011,1056,2024-08-06T06:09:50.650636,TCP,1095
8,192.168.1.22,10.0.0.3,1057,1017,2024-08-05T19:41:30.650636,UDP,1324
2,192.168.1.10,198.51.100.20,1047,1095,2024-08-05T17:16:21.650636,UDP,1037
7,192.168.1.22,203.0.113.20,1075,1095,2024-08-05T18:55:39.650636,UDP,719
5,192.168.1.23,198.51.100.15,1041,1015,2024-08-06T01:23:47.650636,UDP,436
12,192.168.1.15,10.0.0.2,1001,1026,2024-08-06T06:43:14.650636,TCP,917
12,192.168.1.13,10.0.0.4,1053,1076,2024-08-06T06:19:53.650636,TCP,823
4,192.168.1.10,10.0.0.1,1088,1078,2024-08-05T20:44:04.650636,UDP,481
3,192.168.1.22,198.51.100.15,1084,1077,2024-08-05T18:57:14.650636,UDP,992
7,192.168.1.20,10.0.0.2,1067,1076,2024-08-05T20:11:30.650636,UDP,308
2,192.168.1.24,10.0.0.8,1063,1082,2024-08-06T01:55:12.650636,TCP,680
1,192.168.1.20,10.0.0.8,1092,1058,2024-08-06T10:34:20.650636,TCP,1291
9,192.168.1.13,10.0.0.4,1034,1064,2024-08-06T09:36:30.650636,TCP,404
14,192.168.1.24,10.0.0.5,1058,1052,2024-08-05T20:28:17.650636,UDP,365
14,192.168.1.22,203.0.113.20,1071,1094,2024-08-06T04:14:09.650636,TCP,538
10,192.168.1.18,198.51.100.20,1037,1069,2024-08-06T00:21:28.650636,UDP,488
