user_id,login_time,logout_time,device,activity,data_accessed,files_accessed,network_activity,AnomalyType
28,2023-03-10 15:39:38,2023-03-10 22:39:38,Laptop,Normal,596,94,6876,0
44,2023-06-01 20:18:06,2023-06-02 00:18:06,Laptop,Normal,988,76,6184,0
25,2023-12-10 00:50:12,2023-12-10 01:50:12,Mobile,Normal,266,55,4911,0
50,2023-09-18 06:52:06,2023-09-18 07:52:06,Mobile,Normal,836,11,5467,0
50,2023-06-05 09:47:07,2023-06-05 13:47:07,Laptop,Normal,132,44,8412,1
77,2023-03-03 10:36:37,2023-03-03 14:36:37,Desktop,Normal,581,2,3722,0
97,2023-10-18 06:01:05,2023-10-18 09:01:05,Mobile,Normal,421,59,5403,0
33,2023-12-17 22:35:06,2023-12-18 03:35:06,Mobile,Normal,701,23,9607,1
87,2023-11-30 13:59:56,2023-11-30 17:59:56,Desktop,Normal,526,80,4844,0
99,2023-08-19 19:30:39,2023-08-20 00:30:39,Mobile,Normal,555,37,5130,0
66,2023-07-20 14:20:37,2023-07-20 21:20:37,Desktop,Normal,278,47,3663,0
67,2023-09-23 13:10:04,2023-09-23 16:10:04,Laptop,Abnormal,235,28,8025,1
21,2023-08-13 16:10:06,2023-08-13 22:10:06,Desktop,Normal,380,49,3958,0
74,2023-11-06 09:44:35,2023-11-06 12:44:35,Mobile,Normal,304,16,808,0
44,2023-08-11 22:59:16,2023-08-12 01:59:16,Mobile,Normal,849,92,3008,0
39,2023-11-23 01:09:30,2023-11-23 05:09:30,Desktop,Normal,650,95,8018,0
87,2023-11-02 09:00:07,2023-11-02 16:00:07,Laptop,Normal,174,60,707,0
77,2023-10-12 07:20:36,2023-10-12 10:20:36,Desktop,Normal,822,41,4151,0
65,2023-05-30 02:10:37,2023-05-30 06:10:37,Mobile,Normal,597,60,7711,0
58,2023-09-03 11:38:32,2023-09-03 13:38:32,Desktop,Normal,965,27,3611,0
87,2023-11-02 07:31:06,2023-11-02 13:31:06,Laptop,Normal,23,67,1974,0
7,2023-06-24 22:37:10,2023-06-25 01:37:10,Mobile,Abnormal,474,12,4284,0
98,2023-10-22 06:30:31,2023-10-22 13:30:31,Desktop,Normal,920,39,6189,1
2,2023-05-05 04:58:41,2023-05-05 06:58:41,Mobile,Normal,855,33,3701,0
92,2023-12-10 01:51:21,2023-12-10 03:51:21,Mobile,Normal,442,35,3315,0
85,2023-12-12 22:46:24,2023-12-13 04:46:24,Laptop,Normal,769,79,1297,0
62,2023-08-25 10:32:48,2023-08-25 16:32:48,Mobile,Normal,766,26,61,0
54,2023-12-17 20:55:10,2023-12-17 23:55:10,Mobile,Normal,188,88,6663,0
32,2023-05-13 17:33:15,2023-05-13 18:33:15,Laptop,Normal,702,98,2862,0
81,2023-01-02 18:31:46,2023-01-02 19:31:46,Mobile,Normal,623,93,820,0
54,2023-03-23 19:25:58,2023-03-23 23:25:58,Laptop,Normal,845,59,192,0
66,2023-10-10 22:45:23,2023-10-11 01:45:23,Laptop,Normal,451,88,2298,0
46,2023-10-14 06:56:40,2023-10-14 12:56:40,Desktop,Abnormal,326,42,5739,0
3,2023-09-18 04:55:58,2023-09-18 07:55:58,Desktop,Normal,329,7,6156,0
48,2023-07-14 10:47:31,2023-07-14 17:47:31,Mobile,Normal,54,67,3839,0
60,2023-09-14 11:23:14,2023-09-14 17:23:14,Mobile,Normal,183,8,5877,1
36,2023-09-22 18:10:17,2023-09-22 20:10:17,Desktop,Normal,453,20,5112,0
53,2023-04-22 13:20:45,2023-04-22 18:20:45,Laptop,Normal,814,86,7495,0
23,2023-09-10 17:06:16,2023-09-11 00:06:16,Laptop,Normal,521,1,4025,0
80,2023-01-21 12:04:18,2023-01-21 14:04:18,Desktop,Normal,256,53,7575,0
12,2023-11-02 18:23:06,2023-11-02 19:23:06,Desktop,Normal,765,24,9078,0
95,2023-01-19 10:38:19,2023-01-19 11:38:19,Mobile,Normal,175,7,8153,0
8,2023-09-12 11:54:40,2023-09-12 16:54:40,Laptop,Normal,864,78,672,0
38,2023-07-02 14:54:52,2023-07-02 19:54:52,Laptop,Normal,901,92,5544,0
8,2023-06-24 17:17:03,2023-06-24 19:17:03,Laptop,Abnormal,732,37,3280,0
100,2023-10-15 08:50:51,2023-10-15 11:50:51,Laptop,Normal,233,25,5158,0
79,2023-08-12 14:20:37,2023-08-12 17:20:37,Mobile,Normal,105,72,4635,0
97,2023-05-20 14:01:31,2023-05-20 21:01:31,Laptop,Normal,664,95,4390,0
59,2023-12-06 02:38:12,2023-12-06 04:38:12,Desktop,Normal,232,24,7428,0
100,2023-07-08 05:21:19,2023-07-08 11:21:19,Laptop,Normal,359,16,5162,0
34,2023-08-16 07:08:33,2023-08-16 08:08:33,Desktop,Normal,788,62,8894,0
79,2023-04-15 18:17:36,2023-04-16 00:17:36,Laptop,Normal,695,83,7172,0
47,2023-09-03 18:43:54,2023-09-03 23:43:54,Desktop,Normal,525,33,7831,0
82,2023-08-08 02:39:29,2023-08-08 03:39:29,Mobile,Normal,668,10,5340,0
70,2023-11-21 18:04:27,2023-11-21 19:04:27,Desktop,Normal,544,62,5560,0
2,2023-05-23 00:05:33,2023-05-23 07:05:33,Mobile,Normal,907,51,5819,0
56,2023-01-27 19:32:22,2023-01-27 21:32:22,Desktop,Abnormal,286,64,6580,0
79,2023-03-25 18:43:29,2023-03-25 21:43:29,Mobile,Normal,54,49,2702,0
76,2023-01-28 01:28:57,2023-01-28 04:28:57,Mobile,Normal,259,39,682,0
55,2023-05-26 00:26:07,2023-05-26 06:26:07,Desktop,Normal,364,42,6625,0
2,2023-03-12 12:38:48,2023-03-12 13:38:48,Desktop,Normal,795,38,8310,0
70,2023-10-12 19:30:30,2023-10-12 23:30:30,Laptop,Normal,963,43,9882,0
20,2023-09-25 12:55:09,2023-09-25 18:55:09,Desktop,Normal,907,1,6384,0
36,2023-09-27 21:38:43,2023-09-28 00:38:43,Mobile,Normal,405,0,5595,0
33,2023-06-08 09:38:29,2023-06-08 11:38:29,Desktop,Normal,415,71,3495,0
24,2023-08-10 17:48:47,2023-08-10 20:48:47,Mobile,Normal,119,58,7317,0
83,2023-03-28 17:02:22,2023-03-28 20:02:22,Mobile,Normal,230,30,2456,1
87,2023-09-15 16:58:30,2023-09-15 22:58:30,Desktop,Normal,776,66,4590,1
32,2023-10-14 14:10:31,2023-10-14 21:10:31,Laptop,Normal,812,76,3497,0
81,2023-07-31 19:56:17,2023-07-31 23:56:17,Laptop,Normal,96,36,4075,0
7,2023-10-13 14:57:14,2023-10-13 16:57:14,Laptop,Normal,834,62,813,0
32,2023-02-04 15:09:47,2023-02-04 17:09:47,Laptop,Normal,60,34,1132,0
9,2023-12-01 02:08:00,2023-12-01 05:08:00,Laptop,Normal,401,95,2473,0
2,2023-07-21 02:10:35,2023-07-21 09:10:35,Laptop,Normal,607,29,720,0
40,2023-08-02 18:04:31,2023-08-02 20:04:31,Desktop,Normal,476,67,1775,0
22,2023-07-29 11:51:55,2023-07-29 18:51:55,Laptop,Normal,780,6,7740,0
43,2023-12-18 04:49:15,2023-12-18 07:49:15,Laptop,Normal,727,5,3492,0
67,2023-06-08 21:09:53,2023-06-09 01:09:53,Mobile,Normal,150,56,2718,0
92,2023-06-12 00:34:39,2023-06-12 07:34:39,Desktop,Normal,640,58,2551,0
71,2023-11-06 01:30:37,2023-11-06 03:30:37,Mobile,Normal,874,93,9232,0
50,2023-10-22 12:34:18,2023-10-22 17:34:18,Laptop,Normal,14,75,9890,0
72,2023-06-08 15:00:16,2023-06-08 22:00:16,Desktop,Normal,994,84,5702,0
46,2023-05-02 04:11:08,2023-05-02 07:11:08,Mobile,Normal,821,7,7383,0
31,2023-07-29 19:19:40,2023-07-29 21:19:40,Desktop,Normal,261,76,3564,0
12,2023-01-01 02:33:27,2023-01-01 06:33:27,Laptop,Normal,800,6,6226,0
94,2023-01-16 19:09:35,2023-01-16 22:09:35,Mobile,Normal,13,89,2982,0
42,2023-02-26 21:37:46,2023-02-27 03:37:46,Mobile,Normal,111,10,9673,0
67,2023-09-03 05:26:53,2023-09-03 09:26:53,Laptop,Normal,351,61,3334,0
74,2023-12-14 17:21:32,2023-12-14 20:21:32,Mobile,Normal,160,89,9563,0
26,2023-10-26 12:34:29,2023-10-26 18:34:29,Desktop,Normal,523,66,2466,0
45,2023-02-14 15:44:43,2023-02-14 16:44:43,Laptop,Normal,924,83,2338,0
29,2023-10-01 13:48:38,2023-10-01 14:48:38,Desktop,Normal,464,97,9425,0
56,2023-10-18 15:13:03,2023-10-18 22:13:03,Laptop,Normal,529,48,3296,0
65,2023-03-19 02:51:59,2023-03-19 04:51:59,Mobile,Normal,482,26,5595,0
87,2023-03-18 07:45:25,2023-03-18 10:45:25,Laptop,Normal,634,70,7182,0
96,2023-08-01 11:58:35,2023-08-01 13:58:35,Mobile,Normal,308,33,9452,0
70,2023-07-15 19:26:33,2023-07-15 22:26:33,Laptop,Normal,569,41,372,0
67,2023-11-23 08:45:28,2023-11-23 12:45:28,Laptop,Normal,936,84,6454,0
96,2023-09-06 06:45:57,2023-09-06 07:45:57,Desktop,Normal,372,0,8925,0
18,2023-03-12 05:10:22,2023-03-12 09:10:22,Mobile,Normal,588,59,9885,0
47,2023-07-19 13:36:33,2023-07-19 16:36:33,Laptop,Normal,114,62,5279,1
70,2023-03-27 15:33:47,2023-03-27 22:33:47,Laptop,Normal,592,22,3918,0
94,2023-04-25 16:36:18,2023-04-25 22:36:18,Laptop,Normal,982,76,1831,0
27,2023-08-02 17:25:42,2023-08-02 20:25:42,Desktop,Normal,917,21,6628,0
80,2023-06-28 05:12:12,2023-06-28 11:12:12,Mobile,Normal,844,87,4771,0
51,2023-04-23 19:47:59,2023-04-24 01:47:59,Desktop,Normal,830,95,7022,0
98,2023-01-11 03:04:05,2023-01-11 08:04:05,Desktop,Normal,389,17,371,0
9,2023-02-23 19:11:30,2023-02-23 20:11:30,Mobile,Normal,913,20,8568,0
90,2023-05-19 05:58:13,2023-05-19 07:58:13,Desktop,Normal,96,46,8520,0
90,2023-09-11 12:13:49,2023-09-11 17:13:49,Laptop,Normal,607,79,3790,0
37,2023-09-02 06:29:40,2023-09-02 09:29:40,Mobile,Normal,577,38,8287,0
36,2023-05-08 06:00:18,2023-05-08 09:00:18,Laptop,Normal,173,52,1596,0
44,2023-09-08 19:34:53,2023-09-09 00:34:53,Mobile,Normal,903,67,3254,0
65,2023-12-07 14:32:24,2023-12-07 17:32:24,Mobile,Normal,331,39,4474,0
81,2023-09-13 12:09:47,2023-09-13 18:09:47,Desktop,Normal,658,53,8170,0
78,2023-05-15 22:38:52,2023-05-16 03:38:52,Mobile,Normal,119,85,6586,0
11,2023-10-10 16:57:51,2023-10-10 21:57:51,Laptop,Normal,146,64,2344,0
17,2023-11-12 04:56:41,2023-11-12 07:56:41,Desktop,Normal,472,78,9074,0
85,2023-10-19 11:23:34,2023-10-19 15:23:34,Desktop,Normal,601,68,7195,0
24,2023-08-23 18:38:48,2023-08-24 00:38:48,Laptop,Normal,431,86,4767,0
66,2023-11-20 16:44:10,2023-11-20 23:44:10,Desktop,Normal,242,33,1506,0
11,2023-02-07 20:13:30,2023-02-08 01:13:30,Mobile,Normal,758,40,3530,0
32,2023-06-22 01:57:41,2023-06-22 06:57:41,Laptop,Normal,777,80,5447,0
58,2023-02-05 18:21:49,2023-02-05 23:21:49,Mobile,Normal,4,7,2358,0
43,2023-11-26 12:53:22,2023-11-26 17:53:22,Mobile,Normal,751,24,796,0
99,2023-11-26 07:23:33,2023-11-26 08:23:33,Desktop,Normal,999,66,3787,0
4,2023-04-26 11:12:21,2023-04-26 13:12:21,Desktop,Normal,258,54,7611,0
51,2023-04-30 02:31:53,2023-04-30 07:31:53,Laptop,Normal,776,18,4349,0
54,2023-04-27 04:17:34,2023-04-27 09:17:34,Desktop,Normal,896,99,5496,0
32,2023-04-19 19:32:06,2023-04-20 00:32:06,Mobile,Normal,984,94,3369,0
11,2023-07-03 16:06:59,2023-07-03 22:06:59,Mobile,Normal,270,94,3220,0
28,2023-09-06 02:25:20,2023-09-06 08:25:20,Laptop,Normal,462,89,7604,0
39,2023-10-08 21:46:59,2023-10-09 00:46:59,Desktop,Normal,437,89,1520,0
78,2023-08-01 16:23:52,2023-08-01 18:23:52,Laptop,Normal,265,32,4189,1
5,2023-05-22 19:15:29,2023-05-23 00:15:29,Desktop,Normal,434,16,9879,0
10,2023-03-18 14:18:28,2023-03-18 19:18:28,Mobile,Normal,76,41,3542,0
78,2023-01-22 09:41:16,2023-01-22 14:41:16,Laptop,Normal,402,79,459,0
73,2023-03-06 22:03:41,2023-03-06 23:03:41,Laptop,Normal,551,15,8293,0
29,2023-07-14 00:30:01,2023-07-14 04:30:01,Laptop,Normal,189,97,6207,0
72,2023-12-30 14:38:03,2023-12-30 15:38:03,Mobile,Normal,782,2,9328,0
15,2023-08-26 04:46:03,2023-08-26 05:46:03,Desktop,Normal,531,40,2536,0
32,2023-04-25 21:02:24,2023-04-26 02:02:24,Desktop,Normal,598,75,1899,0
12,2023-12-06 08:54:46,2023-12-06 12:54:46,Laptop,Normal,74,27,3079,0
17,2023-08-22 22:09:07,2023-08-23 02:09:07,Desktop,Normal,61,81,4750,0
19,2023-09-14 05:28:46,2023-09-14 11:28:46,Mobile,Normal,941,52,8468,0
67,2023-03-25 05:00:15,2023-03-25 09:00:15,Mobile,Normal,345,80,9313,0
52,2023-10-30 11:13:02,2023-10-30 17:13:02,Mobile,Normal,702,52,2269,0
11,2023-02-12 08:06:14,2023-02-12 12:06:14,Mobile,Normal,226,11,951,0
46,2023-03-16 06:17:42,2023-03-16 11:17:42,Desktop,Normal,218,10,276,0
93,2023-06-28 22:35:35,2023-06-29 05:35:35,Mobile,Normal,152,3,4765,0
11,2023-07-03 12:08:21,2023-07-03 14:08:21,Laptop,Normal,431,2,4543,0
33,2023-02-06 06:29:19,2023-02-06 07:29:19,Desktop,Normal,48,21,8202,0
98,2023-07-08 21:44:57,2023-07-09 00:44:57,Laptop,Normal,706,6,122,0
74,2023-11-18 13:29:48,2023-11-18 17:29:48,Desktop,Normal,685,78,538,0
25,2023-04-25 01:08:31,2023-04-25 03:08:31,Laptop,Normal,866,98,2938,0
16,2023-05-23 18:57:21,2023-05-23 20:57:21,Laptop,Normal,1,47,6279,0
69,2023-01-28 12:13:19,2023-01-28 17:13:19,Desktop,Abnormal,310,7,7805,0
20,2023-08-15 17:11:56,2023-08-15 22:11:56,Laptop,Normal,944,79,9624,0
83,2023-12-20 17:31:01,2023-12-20 19:31:01,Desktop,Normal,818,5,204,1
90,2023-06-21 16:55:53,2023-06-21 23:55:53,Mobile,Normal,76,17,17,0
87,2023-08-15 17:12:05,2023-08-15 21:12:05,Desktop,Normal,941,40,1496,0
33,2023-09-13 23:56:01,2023-09-14 03:56:01,Laptop,Normal,517,22,6646,0
86,2023-03-10 13:19:47,2023-03-10 15:19:47,Desktop,Abnormal,835,49,8656,0
45,2023-11-18 22:55:23,2023-11-18 23:55:23,Desktop,Normal,218,79,8080,0
48,2023-04-19 19:46:17,2023-04-19 22:46:17,Desktop,Normal,433,68,2360,0
54,2023-11-25 03:16:51,2023-11-25 09:16:51,Desktop,Normal,665,45,8492,0
24,2023-08-13 05:08:03,2023-08-13 11:08:03,Desktop,Normal,111,45,778,0
92,2023-11-07 22:21:14,2023-11-08 05:21:14,Mobile,Normal,71,4,1983,0
87,2023-10-06 11:53:30,2023-10-06 12:53:30,Desktop,Normal,606,79,8355,0
63,2023-04-14 04:51:55,2023-04-14 07:51:55,Laptop,Normal,133,71,9587,0
93,2023-02-24 00:06:27,2023-02-24 06:06:27,Laptop,Normal,244,48,60,0
58,2023-12-20 01:09:17,2023-12-20 03:09:17,Desktop,Normal,567,91,7551,1
82,2023-02-11 18:55:57,2023-02-12 01:55:57,Mobile,Normal,685,6,183,0
77,2023-03-20 13:43:59,2023-03-20 19:43:59,Mobile,Normal,789,67,8574,0
99,2023-08-27 11:36:04,2023-08-27 14:36:04,Mobile,Normal,498,38,749,0
74,2023-01-18 17:01:30,2023-01-18 18:01:30,Desktop,Normal,370,78,9420,0
1,2023-12-29 16:17:01,2023-12-29 18:17:01,Desktop,Normal,428,5,7415,0
50,2023-05-13 23:32:56,2023-05-14 04:32:56,Desktop,Normal,930,61,2287,0
59,2023-11-09 07:13:33,2023-11-09 09:13:33,Desktop,Abnormal,983,31,6308,0
43,2023-01-20 15:06:35,2023-01-20 20:06:35,Mobile,Normal,604,61,8134,0
71,2023-04-18 02:42:08,2023-04-18 04:42:08,Laptop,Normal,435,22,972,0
99,2023-11-27 14:18:24,2023-11-27 21:18:24,Laptop,Abnormal,972,84,2024,0
37,2023-01-18 01:07:23,2023-01-18 02:07:23,Mobile,Normal,92,2,3164,0
91,2023-11-29 01:57:48,2023-11-29 02:57:48,Laptop,Normal,606,82,6573,0
97,2023-04-27 12:57:49,2023-04-27 19:57:49,Mobile,Normal,566,91,2218,0
62,2023-01-27 05:01:35,2023-01-27 09:01:35,Desktop,Normal,94,31,152,0
14,2023-06-19 21:10:19,2023-06-20 01:10:19,Desktop,Normal,131,61,3525,0
51,2023-05-30 11:59:27,2023-05-30 13:59:27,Desktop,Normal,479,86,8206,0
53,2023-11-20 14:55:39,2023-11-20 16:55:39,Desktop,Normal,574,21,5521,0
13,2023-12-29 02:14:41,2023-12-29 07:14:41,Mobile,Normal,762,32,603,0
26,2023-03-18 05:55:08,2023-03-18 08:55:08,Laptop,Normal,520,85,5790,0
3,2023-05-03 21:23:21,2023-05-04 04:23:21,Laptop,Normal,750,27,5512,0
2,2023-08-15 09:37:09,2023-08-15 15:37:09,Mobile,Normal,242,47,2467,0
8,2023-07-08 22:59:14,2023-07-08 23:59:14,Laptop,Normal,246,61,7291,0
93,2023-05-07 12:50:29,2023-05-07 15:50:29,Desktop,Normal,526,22,2910,0
80,2023-11-08 12:52:33,2023-11-08 18:52:33,Mobile,Normal,178,93,2697,0
4,2023-05-06 19:39:33,2023-05-07 00:39:33,Mobile,Normal,405,41,595,0
8,2023-06-01 12:47:41,2023-06-01 16:47:41,Laptop,Normal,21,89,3394,0
32,2023-02-13 16:57:01,2023-02-13 22:57:01,Mobile,Normal,349,16,1490,0
64,2023-01-05 18:40:59,2023-01-05 21:40:59,Mobile,Normal,992,10,6109,0
25,2023-11-20 09:54:47,2023-11-20 12:54:47,Mobile,Normal,956,93,6165,0
74,2023-08-23 15:03:50,2023-08-23 19:03:50,Laptop,Normal,872,97,4824,0
45,2023-06-22 09:23:09,2023-06-22 11:23:09,Laptop,Normal,368,21,5612,0
97,2023-02-16 05:30:03,2023-02-16 10:30:03,Mobile,Normal,739,3,8388,0
18,2023-07-16 07:23:19,2023-07-16 10:23:19,Mobile,Normal,797,56,2917,0
70,2023-11-30 20:38:23,2023-11-30 22:38:23,Laptop,Normal,499,82,7323,0
69,2023-01-29 23:01:21,2023-01-30 06:01:21,Desktop,Normal,679,87,8226,0
17,2023-04-10 13:51:02,2023-04-10 18:51:02,Mobile,Normal,910,52,6785,0
6,2023-05-07 04:57:33,2023-05-07 10:57:33,Mobile,Normal,159,1,9871,0
67,2023-10-12 02:34:19,2023-10-12 03:34:19,Mobile,Normal,372,86,4951,0
58,2023-05-23 18:19:22,2023-05-23 19:19:22,Mobile,Normal,552,80,3905,0
79,2023-04-09 13:53:45,2023-04-09 15:53:45,Laptop,Abnormal,86,56,6527,0
36,2023-08-17 11:00:22,2023-08-17 18:00:22,Laptop,Normal,634,74,9342,0
43,2023-02-23 10:47:48,2023-02-23 16:47:48,Laptop,Normal,873,69,96,0
5,2023-09-11 11:35:00,2023-09-11 17:35:00,Laptop,Normal,313,49,1868,0
12,2023-05-09 03:08:08,2023-05-09 09:08:08,Mobile,Normal,368,65,9056,0
17,2023-01-30 22:31:01,2023-01-30 23:31:01,Mobile,Normal,707,41,6393,1
36,2023-01-10 04:57:18,2023-01-10 09:57:18,Desktop,Normal,505,53,7994,0
26,2023-04-01 23:59:58,2023-04-02 06:59:58,Mobile,Normal,911,38,5594,0
16,2023-05-12 03:09:25,2023-05-12 09:09:25,Mobile,Normal,186,26,4460,0
54,2023-02-04 13:13:03,2023-02-04 16:13:03,Desktop,Normal,275,6,6843,0
35,2023-10-29 10:12:13,2023-10-29 16:12:13,Desktop,Normal,249,10,7913,0
48,2023-06-12 19:31:54,2023-06-13 01:31:54,Laptop,Normal,528,28,8171,0
33,2023-04-07 22:58:02,2023-04-07 23:58:02,Desktop,Normal,256,77,4078,0
4,2023-07-10 13:46:13,2023-07-10 18:46:13,Mobile,Normal,399,13,3233,0
18,2023-04-14 06:06:59,2023-04-14 13:06:59,Desktop,Normal,762,60,5649,0
33,2023-06-23 01:24:17,2023-06-23 08:24:17,Desktop,Normal,842,37,5489,0
34,2023-05-23 05:22:59,2023-05-23 07:22:59,Mobile,Abnormal,868,53,1856,0
73,2023-11-05 06:09:34,2023-11-05 10:09:34,Mobile,Normal,222,96,112,0
19,2023-03-13 03:22:13,2023-03-13 06:22:13,Mobile,Normal,824,16,6988,0
43,2023-01-04 12:30:36,2023-01-04 16:30:36,Mobile,Normal,618,56,9402,0
68,2023-12-20 07:28:02,2023-12-20 14:28:02,Mobile,Normal,786,19,3668,0
6,2023-06-29 01:39:33,2023-06-29 08:39:33,Mobile,Normal,160,21,393,0
30,2023-08-14 11:11:28,2023-08-14 15:11:28,Desktop,Normal,581,56,8233,0
9,2023-08-26 01:05:08,2023-08-26 06:05:08,Desktop,Normal,135,62,371,0
46,2023-12-18 21:23:01,2023-12-18 23:23:01,Laptop,Normal,179,36,1749,0
19,2023-09-10 22:06:59,2023-09-11 02:06:59,Desktop,Normal,91,87,4368,0
85,2023-10-17 19:38:06,2023-10-17 21:38:06,Laptop,Normal,180,98,5413,0
53,2023-05-09 17:16:12,2023-05-09 20:16:12,Desktop,Normal,620,76,1705,0
66,2023-06-03 12:14:00,2023-06-03 19:14:00,Laptop,Normal,996,95,8340,0
90,2023-11-21 09:59:34,2023-11-21 16:59:34,Desktop,Normal,191,67,2188,0
33,2023-04-16 09:47:01,2023-04-16 15:47:01,Mobile,Normal,331,63,2770,0
50,2023-09-27 01:08:28,2023-09-27 07:08:28,Desktop,Normal,974,67,3966,0
58,2023-07-26 10:18:37,2023-07-26 11:18:37,Mobile,Normal,706,13,4913,0
30,2023-08-11 23:32:49,2023-08-12 06:32:49,Laptop,Normal,275,26,5846,0
21,2023-09-26 17:11:21,2023-09-26 18:11:21,Laptop,Normal,606,15,9267,1
93,2023-03-02 20:10:37,2023-03-02 23:10:37,Desktop,Abnormal,455,54,4745,0
73,2023-12-08 16:14:42,2023-12-08 22:14:42,Laptop,Abnormal,853,5,4034,0
48,2023-01-20 05:38:53,2023-01-20 09:38:53,Laptop,Normal,327,90,4506,0
26,2023-10-25 10:02:03,2023-10-25 12:02:03,Desktop,Normal,19,79,8198,0
21,2023-06-24 17:57:08,2023-06-24 18:57:08,Mobile,Abnormal,618,86,9919,0
30,2023-12-10 11:01:41,2023-12-10 12:01:41,Laptop,Normal,352,74,394,0
87,2023-06-28 16:31:15,2023-06-28 18:31:15,Desktop,Normal,588,73,5422,0
29,2023-08-12 08:50:48,2023-08-12 10:50:48,Laptop,Normal,792,93,3260,0
13,2023-03-17 18:51:25,2023-03-17 22:51:25,Desktop,Normal,506,26,3273,0
58,2023-02-16 09:07:09,2023-02-16 11:07:09,Mobile,Normal,258,18,1775,0
9,2023-09-23 10:24:06,2023-09-23 15:24:06,Mobile,Normal,863,58,7555,0
10,2023-01-08 21:44:56,2023-01-08 23:44:56,Laptop,Normal,607,27,1537,0
96,2023-04-27 19:44:29,2023-04-27 21:44:29,Laptop,Normal,417,54,8052,0
88,2023-04-16 17:17:27,2023-04-16 21:17:27,Laptop,Normal,799,18,9365,1
31,2023-10-01 03:49:11,2023-10-01 05:49:11,Desktop,Normal,622,27,9386,0
79,2023-08-11 21:10:32,2023-08-11 23:10:32,Mobile,Normal,450,17,2594,0
27,2023-09-24 00:09:59,2023-09-24 01:09:59,Desktop,Normal,902,19,7826,0
9,2023-12-15 22:30:53,2023-12-16 00:30:53,Laptop,Normal,797,80,4964,0
36,2023-06-16 04:32:14,2023-06-16 11:32:14,Laptop,Normal,67,87,7187,1
93,2023-12-11 18:07:21,2023-12-11 22:07:21,Mobile,Normal,629,70,3444,0
78,2023-08-02 21:51:57,2023-08-03 00:51:57,Laptop,Normal,116,27,3654,0
78,2023-04-05 01:44:25,2023-04-05 05:44:25,Laptop,Normal,106,81,8019,0
98,2023-12-01 22:36:42,2023-12-02 04:36:42,Laptop,Normal,403,13,2250,0
87,2023-12-14 05:35:04,2023-12-14 11:35:04,Laptop,Normal,349,40,4762,0
35,2023-07-23 05:23:39,2023-07-23 06:23:39,Laptop,Normal,584,62,8073,0
100,2023-02-17 17:54:37,2023-02-17 21:54:37,Laptop,Normal,254,55,9100,0
46,2023-07-16 15:59:33,2023-07-16 18:59:33,Desktop,Normal,39,28,9043,0
88,2023-01-08 20:57:41,2023-01-08 23:57:41,Desktop,Normal,631,43,5906,0
82,2023-12-14 19:36:53,2023-12-15 00:36:53,Laptop,Normal,387,86,4107,0
26,2023-05-02 13:51:21,2023-05-02 15:51:21,Desktop,Normal,763,22,2374,0
56,2023-11-16 08:19:20,2023-11-16 13:19:20,Mobile,Normal,375,30,1116,0
20,2023-04-13 04:56:12,2023-04-13 06:56:12,Mobile,Normal,144,77,3699,0
91,2023-04-18 12:46:19,2023-04-18 19:46:19,Laptop,Normal,246,99,2195,0
73,2023-11-25 08:39:39,2023-11-25 15:39:39,Desktop,Normal,698,90,8185,0
21,2023-04-11 09:37:39,2023-04-11 14:37:39,Desktop,Normal,895,12,9179,0
50,2023-07-09 12:12:56,2023-07-09 17:12:56,Laptop,Normal,761,6,5012,0
49,2023-06-30 21:55:59,2023-06-30 22:55:59,Laptop,Normal,411,62,2677,0
27,2023-01-18 16:55:15,2023-01-18 23:55:15,Mobile,Normal,479,93,8867,0
59,2023-07-16 03:39:35,2023-07-16 10:39:35,Mobile,Normal,0,3,1673,1
75,2023-01-24 01:42:43,2023-01-24 06:42:43,Laptop,Normal,596,16,3630,0
36,2023-11-13 05:26:42,2023-11-13 06:26:42,Mobile,Normal,23,84,3634,0
86,2023-06-16 07:26:19,2023-06-16 10:26:19,Desktop,Normal,653,60,1985,0
21,2023-03-26 21:33:37,2023-03-27 00:33:37,Desktop,Abnormal,764,70,222,0
77,2023-07-09 12:26:54,2023-07-09 17:26:54,Laptop,Normal,878,73,1891,0
85,2023-11-25 15:55:42,2023-11-25 20:55:42,Desktop,Normal,789,54,4443,0
5,2023-05-30 19:46:08,2023-05-30 20:46:08,Laptop,Normal,505,34,5001,0
60,2023-01-14 06:22:32,2023-01-14 13:22:32,Mobile,Normal,165,4,1581,0
60,2023-11-29 05:05:41,2023-11-29 12:05:41,Mobile,Normal,784,69,9506,0
73,2023-11-15 19:46:08,2023-11-16 00:46:08,Desktop,Normal,83,84,2672,0
11,2023-05-26 22:52:36,2023-05-27 00:52:36,Laptop,Normal,435,49,4639,0
7,2023-06-03 16:27:50,2023-06-03 21:27:50,Laptop,Normal,84,73,7749,0
33,2023-01-17 15:00:28,2023-01-17 19:00:28,Mobile,Normal,732,13,4606,0
59,2023-09-30 00:28:18,2023-09-30 05:28:18,Desktop,Normal,614,64,5009,0
25,2023-11-27 22:31:43,2023-11-28 02:31:43,Laptop,Normal,71,41,9663,0
5,2023-09-16 11:58:49,2023-09-16 13:58:49,Desktop,Normal,178,14,5053,0
69,2023-10-28 15:00:15,2023-10-28 20:00:15,Mobile,Normal,114,84,7570,0
25,2023-01-05 06:14:59,2023-01-05 08:14:59,Desktop,Abnormal,339,50,3899,0
50,2023-03-15 22:31:29,2023-03-16 00:31:29,Laptop,Normal,943,79,4926,0
4,2023-02-16 13:27:37,2023-02-16 15:27:37,Mobile,Normal,392,20,3256,0
62,2023-11-07 18:43:05,2023-11-07 22:43:05,Laptop,Normal,472,70,3035,0
93,2023-04-14 07:47:18,2023-04-14 08:47:18,Laptop,Normal,795,49,418,0
47,2023-08-11 19:29:12,2023-08-11 21:29:12,Mobile,Normal,180,78,165,1
55,2023-04-14 18:15:13,2023-04-14 21:15:13,Laptop,Normal,319,10,5165,0
43,2023-01-27 12:34:24,2023-01-27 15:34:24,Desktop,Normal,279,2,3065,0
82,2023-05-12 16:24:44,2023-05-12 21:24:44,Mobile,Normal,378,14,8671,1
39,2023-03-04 15:15:34,2023-03-04 19:15:34,Desktop,Abnormal,448,7,8312,0
97,2023-12-02 12:55:00,2023-12-02 13:55:00,Laptop,Normal,565,91,7816,0
34,2023-07-21 16:26:07,2023-07-21 20:26:07,Mobile,Normal,807,66,9390,0
12,2023-04-05 12:09:16,2023-04-05 17:09:16,Desktop,Normal,59,25,3535,0
100,2023-09-28 12:21:08,2023-09-28 13:21:08,Mobile,Normal,802,37,6791,1
7,2023-12-06 01:30:55,2023-12-06 07:30:55,Laptop,Normal,513,28,7711,1
18,2023-04-06 19:53:53,2023-04-06 21:53:53,Laptop,Normal,810,91,4559,1
12,2023-06-28 06:01:50,2023-06-28 08:01:50,Desktop,Normal,267,88,7183,0
1,2023-11-25 16:57:09,2023-11-25 19:57:09,Laptop,Normal,451,81,4173,0
95,2023-07-09 12:54:01,2023-07-09 13:54:01,Laptop,Normal,553,99,7446,0
13,2023-05-29 19:18:58,2023-05-30 00:18:58,Mobile,Normal,494,60,4459,0
1,2023-04-12 22:24:23,2023-04-13 02:24:23,Mobile,Normal,228,15,5513,0
69,2023-01-03 08:01:29,2023-01-03 13:01:29,Laptop,Normal,511,66,7825,0
52,2023-08-10 04:56:36,2023-08-10 09:56:36,Desktop,Normal,452,57,730,0
29,2023-01-02 12:59:47,2023-01-02 17:59:47,Mobile,Normal,947,50,2385,0
38,2023-07-19 14:06:15,2023-07-19 20:06:15,Mobile,Normal,902,31,6805,1
19,2023-01-24 00:00:42,2023-01-24 04:00:42,Mobile,Normal,831,20,4273,0
13,2023-07-29 22:07:44,2023-07-29 23:07:44,Mobile,Normal,544,14,3949,0
81,2023-07-25 21:59:51,2023-07-26 00:59:51,Mobile,Normal,711,36,9633,0
76,2023-03-01 08:24:56,2023-03-01 15:24:56,Mobile,Normal,490,93,7640,0
35,2023-04-14 01:20:55,2023-04-14 08:20:55,Laptop,Normal,536,82,8730,0
43,2023-03-30 10:26:48,2023-03-30 14:26:48,Mobile,Normal,793,65,4169,0
96,2023-06-21 08:42:41,2023-06-21 12:42:41,Laptop,Normal,48,30,3888,0
91,2023-02-03 23:02:49,2023-02-04 06:02:49,Mobile,Normal,113,81,4346,0
81,2023-04-19 07:25:54,2023-04-19 12:25:54,Mobile,Normal,983,32,5083,0
7,2023-07-10 17:59:32,2023-07-10 22:59:32,Mobile,Normal,94,14,3887,1
16,2023-06-03 23:44:36,2023-06-04 03:44:36,Mobile,Normal,660,20,6114,0
89,2023-05-17 04:08:34,2023-05-17 08:08:34,Mobile,Normal,731,16,3663,0
74,2023-11-03 23:10:27,2023-11-04 03:10:27,Desktop,Normal,237,97,4281,0
30,2023-06-03 01:53:07,2023-06-03 04:53:07,Mobile,Abnormal,958,49,2767,0
96,2023-10-03 19:14:04,2023-10-04 01:14:04,Laptop,Normal,314,80,5635,0
58,2023-08-27 18:37:38,2023-08-27 22:37:38,Laptop,Normal,64,21,357,0
20,2023-10-19 10:31:30,2023-10-19 13:31:30,Laptop,Normal,475,87,3411,0
11,2023-08-12 05:10:03,2023-08-12 09:10:03,Desktop,Normal,834,86,7150,0
61,2023-08-14 06:46:26,2023-08-14 12:46:26,Laptop,Normal,452,72,4553,0
94,2023-06-25 06:35:10,2023-06-25 08:35:10,Laptop,Normal,413,24,9289,0
93,2023-02-20 21:49:19,2023-02-21 01:49:19,Laptop,Normal,363,1,8122,0
79,2023-09-01 13:15:00,2023-09-01 14:15:00,Laptop,Normal,725,21,2006,0
45,2023-07-15 16:25:21,2023-07-15 17:25:21,Mobile,Normal,797,55,2594,0
61,2023-07-05 20:28:42,2023-07-05 22:28:42,Laptop,Normal,423,84,6551,0
79,2023-04-11 22:00:28,2023-04-12 01:00:28,Mobile,Normal,700,18,2459,0
47,2023-02-16 06:05:53,2023-02-16 08:05:53,Mobile,Normal,749,85,8455,0
42,2023-07-01 11:56:45,2023-07-01 12:56:45,Mobile,Normal,836,72,8839,0
47,2023-02-01 09:59:00,2023-02-01 10:59:00,Desktop,Normal,13,41,9664,0
87,2023-04-12 01:07:17,2023-04-12 04:07:17,Desktop,Normal,892,50,8053,0
18,2023-04-21 21:50:40,2023-04-22 03:50:40,Mobile,Normal,920,18,1640,0
62,2023-03-13 04:41:45,2023-03-13 08:41:45,Mobile,Normal,858,35,5226,0
23,2023-08-11 00:48:35,2023-08-11 01:48:35,Desktop,Normal,202,14,927,0
64,2023-06-13 17:22:15,2023-06-14 00:22:15,Mobile,Normal,449,97,5211,0
88,2023-05-23 01:03:06,2023-05-23 07:03:06,Laptop,Normal,55,33,6697,0
92,2023-11-03 07:58:18,2023-11-03 08:58:18,Laptop,Normal,688,79,6976,0
98,2023-04-12 12:54:01,2023-04-12 13:54:01,Desktop,Normal,68,85,7853,0
92,2023-10-05 01:49:11,2023-10-05 03:49:11,Laptop,Normal,33,6,5497,0
24,2023-10-15 04:17:34,2023-10-15 06:17:34,Mobile,Normal,608,97,578,0
24,2023-11-17 04:06:26,2023-11-17 06:06:26,Desktop,Normal,821,49,7750,0
77,2023-04-22 07:56:32,2023-04-22 10:56:32,Laptop,Normal,711,54,5619,0
80,2023-05-08 18:20:18,2023-05-09 01:20:18,Laptop,Normal,290,5,8551,0
63,2023-08-08 22:46:48,2023-08-08 23:46:48,Desktop,Normal,733,79,5898,0
62,2023-10-05 01:05:53,2023-10-05 03:05:53,Mobile,Normal,968,57,9745,0
29,2023-11-21 09:03:32,2023-11-21 11:03:32,Mobile,Normal,761,9,5618,0
44,2023-03-16 10:18:04,2023-03-16 14:18:04,Laptop,Normal,633,67,33,0
3,2023-04-14 14:50:11,2023-04-14 18:50:11,Laptop,Normal,811,7,6596,0
89,2023-06-25 17:09:02,2023-06-25 18:09:02,Desktop,Normal,665,38,4714,0
46,2023-03-24 09:00:01,2023-03-24 15:00:01,Mobile,Normal,349,96,9200,0
99,2023-02-23 18:21:05,2023-02-23 21:21:05,Laptop,Normal,491,82,1148,0
86,2023-06-07 13:45:38,2023-06-07 16:45:38,Mobile,Normal,386,98,2760,0
87,2023-04-03 03:32:41,2023-04-03 10:32:41,Laptop,Normal,415,74,5214,0
42,2023-03-29 09:23:25,2023-03-29 11:23:25,Mobile,Normal,949,58,330,0
51,2023-07-18 03:51:16,2023-07-18 08:51:16,Laptop,Normal,817,54,8815,0
89,2023-01-15 10:21:01,2023-01-15 14:21:01,Desktop,Normal,420,78,9367,0
11,2023-12-30 03:44:22,2023-12-30 04:44:22,Desktop,Normal,338,72,8,1
70,2023-11-20 13:59:03,2023-11-20 16:59:03,Laptop,Normal,30,4,8144,0
21,2023-11-12 23:32:46,2023-11-13 00:32:46,Laptop,Normal,148,16,7217,0
55,2023-12-16 04:54:56,2023-12-16 05:54:56,Desktop,Abnormal,228,50,2758,0
13,2023-06-04 22:45:30,2023-06-05 01:45:30,Mobile,Normal,735,5,4386,0
80,2023-09-27 20:14:44,2023-09-28 01:14:44,Mobile,Normal,532,27,2216,0
86,2023-01-22 04:07:30,2023-01-22 09:07:30,Mobile,Normal,358,96,5388,0
54,2023-08-17 11:07:18,2023-08-17 16:07:18,Laptop,Normal,969,46,5887,0
29,2023-09-06 19:13:49,2023-09-06 22:13:49,Desktop,Normal,379,38,2815,1
100,2023-03-31 18:45:44,2023-03-31 22:45:44,Desktop,Normal,496,92,7625,0
47,2023-07-01 05:18:09,2023-07-01 11:18:09,Mobile,Abnormal,593,24,3112,0
23,2023-11-25 14:20:39,2023-11-25 20:20:39,Desktop,Normal,510,24,5841,0
74,2023-12-26 03:08:53,2023-12-26 05:08:53,Mobile,Normal,220,99,4198,0
86,2023-10-21 05:13:49,2023-10-21 09:13:49,Desktop,Normal,892,9,7517,0
76,2023-09-17 05:22:37,2023-09-17 07:22:37,Mobile,Normal,10,55,9619,0
47,2023-01-05 19:44:53,2023-01-05 23:44:53,Desktop,Normal,134,48,1492,0
80,2023-07-10 14:03:08,2023-07-10 21:03:08,Mobile,Normal,696,32,4974,0
74,2023-09-26 14:37:15,2023-09-26 20:37:15,Mobile,Normal,954,97,4131,0
83,2023-02-26 18:19:28,2023-02-26 23:19:28,Desktop,Normal,860,48,474,0
2,2023-09-27 19:46:19,2023-09-27 23:46:19,Desktop,Normal,413,25,2210,0
51,2023-07-26 02:51:56,2023-07-26 08:51:56,Laptop,Normal,858,70,8093,0
22,2023-08-12 18:14:36,2023-08-13 00:14:36,Mobile,Normal,204,3,5824,0
32,2023-10-07 22:33:31,2023-10-08 02:33:31,Mobile,Normal,734,93,1706,0
31,2023-01-31 15:17:04,2023-01-31 22:17:04,Desktop,Normal,539,94,8891,0
30,2023-05-03 03:31:50,2023-05-03 06:31:50,Laptop,Normal,41,95,6578,0
39,2023-06-22 19:39:02,2023-06-22 22:39:02,Laptop,Normal,27,25,3872,0
54,2023-04-11 10:32:26,2023-04-11 12:32:26,Laptop,Normal,966,8,9293,0
5,2023-10-12 18:02:48,2023-10-12 21:02:48,Desktop,Normal,874,9,2437,0
81,2023-10-07 09:36:25,2023-10-07 14:36:25,Desktop,Normal,443,99,9626,0
95,2023-06-26 10:26:23,2023-06-26 15:26:23,Mobile,Normal,617,69,9867,0
5,2023-01-24 13:07:40,2023-01-24 18:07:40,Desktop,Normal,765,67,3323,0
34,2023-12-09 01:12:05,2023-12-09 06:12:05,Mobile,Normal,628,26,1574,0
41,2023-08-13 23:37:23,2023-08-14 01:37:23,Laptop,Normal,690,73,6079,0
90,2023-06-20 02:44:17,2023-06-20 08:44:17,Laptop,Abnormal,336,73,204,0
6,2023-03-28 12:07:49,2023-03-28 19:07:49,Laptop,Normal,413,99,6445,0
22,2023-03-06 20:17:32,2023-03-07 00:17:32,Desktop,Normal,39,28,2527,0
91,2023-04-11 03:13:59,2023-04-11 08:13:59,Mobile,Normal,151,9,4680,0
91,2023-03-27 20:33:29,2023-03-28 03:33:29,Laptop,Normal,851,71,931,0
93,2023-02-24 16:54:01,2023-02-24 18:54:01,Mobile,Normal,995,81,7805,0
57,2023-08-05 07:00:54,2023-08-05 09:00:54,Mobile,Normal,237,50,796,0
38,2023-03-01 03:25:34,2023-03-01 06:25:34,Mobile,Normal,769,52,7156,0
96,2023-04-11 18:37:15,2023-04-11 23:37:15,Laptop,Normal,691,6,7130,1
63,2023-12-02 15:40:58,2023-12-02 21:40:58,Mobile,Normal,547,42,7140,0
57,2023-10-24 23:50:25,2023-10-25 03:50:25,Desktop,Normal,280,31,6738,0
66,2023-11-12 12:58:58,2023-11-12 14:58:58,Laptop,Normal,404,85,1590,0
57,2023-12-16 16:42:16,2023-12-16 19:42:16,Laptop,Normal,937,80,1002,0
3,2023-05-24 22:19:48,2023-05-25 00:19:48,Mobile,Normal,522,26,1699,0
63,2023-03-18 16:39:20,2023-03-18 22:39:20,Mobile,Abnormal,91,89,1904,0
67,2023-05-09 12:54:33,2023-05-09 15:54:33,Mobile,Normal,424,67,275,0
13,2023-08-15 15:14:16,2023-08-15 19:14:16,Laptop,Normal,788,78,8640,0
23,2023-06-08 10:04:27,2023-06-08 14:04:27,Laptop,Normal,569,39,7927,0
43,2023-10-05 02:29:12,2023-10-05 09:29:12,Laptop,Normal,807,16,8573,0
27,2023-03-05 11:34:07,2023-03-05 15:34:07,Mobile,Normal,121,74,4083,0
22,2023-07-01 13:48:00,2023-07-01 19:48:00,Mobile,Normal,209,99,3311,0
35,2023-09-28 03:16:13,2023-09-28 07:16:13,Laptop,Normal,953,29,2706,0
18,2023-06-08 08:32:09,2023-06-08 11:32:09,Desktop,Normal,801,66,5853,0
62,2023-03-01 14:31:50,2023-03-01 19:31:50,Desktop,Normal,976,71,7765,0
59,2023-12-03 05:22:26,2023-12-03 06:22:26,Desktop,Normal,776,75,4111,0
61,2023-03-16 21:14:17,2023-03-17 04:14:17,Desktop,Normal,591,60,9885,0
95,2023-09-10 19:17:26,2023-09-10 22:17:26,Mobile,Abnormal,659,70,8436,0
73,2023-05-09 10:59:46,2023-05-09 13:59:46,Mobile,Normal,728,68,7408,0
61,2023-02-14 20:16:04,2023-02-14 22:16:04,Mobile,Normal,105,68,6547,0
12,2023-03-05 14:30:46,2023-03-05 15:30:46,Laptop,Normal,385,52,5978,0
99,2023-11-10 08:17:18,2023-11-10 13:17:18,Laptop,Normal,707,14,1245,0
25,2023-04-10 19:39:40,2023-04-10 22:39:40,Desktop,Normal,916,4,2441,0
50,2023-11-04 04:48:28,2023-11-04 05:48:28,Laptop,Normal,403,72,6501,0
18,2023-05-01 13:20:33,2023-05-01 14:20:33,Mobile,Normal,596,54,8523,0
58,2023-02-15 16:06:08,2023-02-15 18:06:08,Mobile,Normal,769,7,4075,0
73,2023-02-25 05:45:19,2023-02-25 11:45:19,Laptop,Abnormal,939,27,1743,0
66,2023-10-22 13:42:46,2023-10-22 19:42:46,Mobile,Abnormal,948,78,3518,0
50,2023-09-12 08:53:09,2023-09-12 09:53:09,Mobile,Normal,648,35,5553,0
36,2023-06-30 01:30:48,2023-06-30 06:30:48,Mobile,Normal,952,72,8369,0
43,2023-09-03 04:46:54,2023-09-03 06:46:54,Laptop,Normal,765,34,8606,0
62,2023-09-04 19:23:54,2023-09-05 01:23:54,Mobile,Normal,728,60,7564,0
14,2023-07-03 10:40:46,2023-07-03 17:40:46,Desktop,Normal,250,72,1295,0
99,2023-08-31 16:19:01,2023-08-31 20:19:01,Desktop,Normal,708,77,4152,0
50,2023-10-08 13:03:23,2023-10-08 20:03:23,Mobile,Normal,291,86,350,0
34,2023-06-22 09:07:56,2023-06-22 11:07:56,Laptop,Normal,405,42,1809,0
44,2023-08-07 17:36:56,2023-08-07 21:36:56,Desktop,Normal,958,36,5512,0
80,2023-11-25 03:06:01,2023-11-25 06:06:01,Desktop,Normal,630,76,6677,0
100,2023-06-17 02:59:22,2023-06-17 08:59:22,Desktop,Normal,133,67,4304,0
74,2023-11-03 03:55:55,2023-11-03 10:55:55,Desktop,Normal,403,79,8520,0
84,2023-05-02 10:58:56,2023-05-02 16:58:56,Laptop,Normal,226,48,8044,0
13,2023-07-24 04:51:22,2023-07-24 07:51:22,Mobile,Normal,189,98,7730,0
7,2023-02-11 14:31:03,2023-02-11 16:31:03,Mobile,Normal,486,8,8457,0
58,2023-06-20 23:28:24,2023-06-21 06:28:24,Laptop,Normal,180,45,7490,0
93,2023-01-27 16:02:27,2023-01-27 20:02:27,Laptop,Normal,340,52,3685,0
22,2023-07-21 14:32:44,2023-07-21 17:32:44,Mobile,Normal,104,6,7762,1
62,2023-05-10 10:52:59,2023-05-10 11:52:59,Mobile,Normal,22,96,8301,0
46,2023-12-29 17:15:07,2023-12-29 18:15:07,Laptop,Normal,91,61,2477,0
99,2023-07-29 12:25:16,2023-07-29 18:25:16,Laptop,Normal,16,3,4612,0
98,2023-02-27 00:46:32,2023-02-27 03:46:32,Laptop,Normal,72,22,1125,0
65,2023-08-06 12:23:26,2023-08-06 14:23:26,Mobile,Normal,979,49,4703,0
83,2023-05-28 00:32:22,2023-05-28 01:32:22,Laptop,Normal,347,42,7208,0
16,2023-10-13 13:04:11,2023-10-13 17:04:11,Desktop,Normal,272,17,824,0
77,2023-11-19 00:59:18,2023-11-19 02:59:18,Laptop,Normal,815,22,3723,1
33,2023-05-15 03:57:37,2023-05-15 10:57:37,Laptop,Normal,747,9,7699,0
96,2023-01-14 17:14:54,2023-01-14 19:14:54,Laptop,Normal,154,51,5445,0
3,2023-03-27 07:47:57,2023-03-27 08:47:57,Mobile,Normal,85,31,4569,0
46,2023-03-31 08:00:05,2023-03-31 09:00:05,Desktop,Normal,263,6,6187,1
30,2023-10-08 17:54:38,2023-10-08 19:54:38,Desktop,Normal,298,33,8694,0
13,2023-09-10 15:27:00,2023-09-10 16:27:00,Laptop,Normal,602,1,2180,0
96,2023-11-24 20:57:10,2023-11-25 00:57:10,Desktop,Normal,345,8,3182,0
23,2023-04-08 02:16:17,2023-04-08 05:16:17,Mobile,Abnormal,570,75,2384,0
84,2023-08-11 06:50:28,2023-08-11 12:50:28,Laptop,Normal,638,52,1860,0
30,2023-02-01 01:45:35,2023-02-01 04:45:35,Laptop,Normal,159,11,7626,0
11,2023-04-04 02:01:21,2023-04-04 09:01:21,Desktop,Normal,847,1,7317,0
80,2023-10-19 15:10:09,2023-10-19 18:10:09,Desktop,Normal,323,36,5549,1
94,2023-04-19 10:11:48,2023-04-19 15:11:48,Mobile,Normal,159,74,7889,0
6,2023-10-09 18:49:24,2023-10-09 20:49:24,Mobile,Normal,445,69,9961,0
64,2023-08-13 04:01:09,2023-08-13 11:01:09,Desktop,Normal,118,32,603,0
46,2023-09-27 09:22:15,2023-09-27 11:22:15,Desktop,Normal,21,3,1211,0
71,2023-08-26 02:07:30,2023-08-26 08:07:30,Desktop,Normal,185,35,2230,0
91,2023-04-24 00:30:11,2023-04-24 02:30:11,Desktop,Normal,309,27,9776,0
74,2023-05-03 21:37:07,2023-05-04 04:37:07,Mobile,Normal,768,72,7602,0
64,2023-02-14 21:13:50,2023-02-15 02:13:50,Laptop,Normal,568,15,1410,0
70,2023-12-19 14:06:15,2023-12-19 18:06:15,Desktop,Normal,822,65,1714,1
34,2023-04-11 17:43:38,2023-04-12 00:43:38,Mobile,Normal,165,92,2554,0
69,2023-04-06 08:10:01,2023-04-06 10:10:01,Laptop,Normal,754,97,4593,0
100,2023-03-13 14:32:37,2023-03-13 20:32:37,Mobile,Normal,239,48,1487,0
26,2023-04-12 17:42:52,2023-04-12 20:42:52,Laptop,Normal,696,74,3833,0
18,2023-05-29 17:05:23,2023-05-29 23:05:23,Laptop,Normal,713,89,3953,1
28,2023-06-30 21:37:42,2023-07-01 00:37:42,Laptop,Normal,106,22,3350,0
65,2023-07-06 13:48:45,2023-07-06 19:48:45,Desktop,Normal,371,16,4535,0
44,2023-12-23 02:44:47,2023-12-23 03:44:47,Laptop,Normal,517,23,4602,0
36,2023-02-22 02:39:11,2023-02-22 05:39:11,Mobile,Normal,123,56,8772,0
98,2023-07-22 21:41:46,2023-07-23 01:41:46,Mobile,Normal,733,7,758,0
53,2023-04-11 15:50:36,2023-04-11 19:50:36,Laptop,Normal,376,4,6120,0
2,2023-09-09 05:23:01,2023-09-09 09:23:01,Desktop,Normal,13,23,8967,0
68,2023-09-03 10:59:18,2023-09-03 15:59:18,Laptop,Normal,376,36,3768,1
23,2023-12-30 09:07:34,2023-12-30 10:07:34,Laptop,Normal,491,4,6703,0
2,2023-07-31 12:46:42,2023-07-31 17:46:42,Laptop,Normal,792,83,8415,0
81,2023-08-15 05:10:23,2023-08-15 07:10:23,Desktop,Normal,104,74,7694,0
53,2023-01-05 10:59:53,2023-01-05 17:59:53,Desktop,Normal,125,1,5866,0
65,2023-09-19 00:48:19,2023-09-19 05:48:19,Desktop,Abnormal,54,64,9572,0
74,2023-04-20 17:27:44,2023-04-20 20:27:44,Desktop,Normal,467,97,9939,0
93,2023-05-26 16:21:54,2023-05-26 22:21:54,Laptop,Normal,141,61,7023,0
18,2023-02-09 16:58:44,2023-02-09 23:58:44,Mobile,Normal,392,29,2590,0
56,2023-09-23 04:17:24,2023-09-23 09:17:24,Laptop,Normal,455,16,7882,0
99,2023-09-23 21:39:02,2023-09-23 23:39:02,Laptop,Normal,749,72,4541,0
94,2023-01-11 14:38:47,2023-01-11 18:38:47,Laptop,Normal,460,88,2756,0
82,2023-01-19 13:47:33,2023-01-19 15:47:33,Desktop,Normal,3,65,5457,0
23,2023-04-23 22:05:22,2023-04-24 01:05:22,Mobile,Normal,426,11,6061,0
22,2023-07-18 21:11:44,2023-07-19 02:11:44,Mobile,Normal,936,84,7534,0
25,2023-12-08 01:54:06,2023-12-08 02:54:06,Desktop,Normal,202,66,6305,0
75,2023-10-30 00:25:49,2023-10-30 06:25:49,Desktop,Normal,835,49,5839,0
5,2023-08-26 06:54:02,2023-08-26 07:54:02,Laptop,Normal,649,94,1520,0
21,2023-11-14 00:00:36,2023-11-14 01:00:36,Mobile,Normal,710,52,8579,0
23,2023-06-08 15:37:06,2023-06-08 19:37:06,Laptop,Abnormal,521,17,8247,0
54,2023-03-28 17:18:06,2023-03-28 20:18:06,Laptop,Normal,705,83,8504,0
14,2023-07-14 01:28:55,2023-07-14 07:28:55,Mobile,Normal,858,67,3244,0
76,2023-11-16 23:27:39,2023-11-17 03:27:39,Desktop,Normal,468,27,1540,0
46,2023-03-24 16:37:18,2023-03-24 19:37:18,Mobile,Normal,589,17,4624,0
20,2023-09-16 02:15:38,2023-09-16 05:15:38,Mobile,Normal,913,76,6374,0
74,2023-09-17 15:53:19,2023-09-17 20:53:19,Mobile,Normal,157,45,9673,0
25,2023-01-31 10:00:18,2023-01-31 11:00:18,Desktop,Normal,569,2,6133,1
44,2023-01-29 22:23:24,2023-01-30 01:23:24,Laptop,Normal,582,2,8619,0
4,2023-07-14 06:25:55,2023-07-14 12:25:55,Laptop,Normal,192,20,5235,0
96,2023-05-15 01:05:53,2023-05-15 04:05:53,Mobile,Normal,800,84,1315,0
40,2023-01-07 00:01:12,2023-01-07 04:01:12,Mobile,Normal,410,27,687,0
16,2023-11-14 20:06:35,2023-11-15 01:06:35,Laptop,Normal,184,13,3090,0
22,2023-02-28 20:33:17,2023-03-01 03:33:17,Mobile,Normal,907,64,9562,0
90,2023-11-07 14:58:12,2023-11-07 15:58:12,Desktop,Normal,600,87,2967,0
47,2023-09-22 17:19:56,2023-09-22 22:19:56,Mobile,Normal,805,69,4590,0
21,2023-03-16 17:41:38,2023-03-16 21:41:38,Mobile,Normal,304,66,4338,0
45,2023-11-05 11:31:44,2023-11-05 12:31:44,Laptop,Normal,584,53,9134,0
53,2023-08-25 18:11:07,2023-08-25 23:11:07,Desktop,Normal,927,6,7091,0
66,2023-05-02 11:43:51,2023-05-02 13:43:51,Mobile,Normal,865,8,8014,0
50,2023-02-03 04:38:01,2023-02-03 10:38:01,Mobile,Normal,59,85,941,0
64,2023-07-30 16:08:06,2023-07-30 19:08:06,Desktop,Normal,518,55,5877,0
67,2023-07-29 10:10:37,2023-07-29 11:10:37,Laptop,Abnormal,321,7,3448,0
29,2023-03-01 17:15:36,2023-03-01 18:15:36,Desktop,Normal,111,65,6045,0
21,2023-07-03 00:14:55,2023-07-03 04:14:55,Desktop,Normal,799,55,697,0
60,2023-03-22 12:40:03,2023-03-22 14:40:03,Desktop,Normal,491,51,1018,0
30,2023-04-23 21:54:09,2023-04-24 01:54:09,Mobile,Normal,102,61,4561,0
10,2023-08-21 04:19:48,2023-08-21 05:19:48,Laptop,Normal,728,78,7894,0
77,2023-10-18 04:12:01,2023-10-18 08:12:01,Laptop,Normal,385,50,9962,0
5,2023-05-04 08:25:53,2023-05-04 09:25:53,Desktop,Normal,960,22,2923,0
6,2023-07-22 13:40:10,2023-07-22 15:40:10,Mobile,Normal,632,69,8349,0
63,2023-08-20 21:03:53,2023-08-21 03:03:53,Laptop,Normal,334,89,9120,0
25,2023-07-15 10:10:42,2023-07-15 12:10:42,Laptop,Normal,370,41,6975,0
22,2023-05-15 07:02:56,2023-05-15 12:02:56,Desktop,Normal,316,1,1883,0
76,2023-05-26 22:15:44,2023-05-27 04:15:44,Desktop,Normal,289,46,3857,0
47,2023-03-31 15:42:52,2023-03-31 22:42:52,Desktop,Normal,251,21,3853,0
55,2023-05-06 12:27:09,2023-05-06 15:27:09,Laptop,Normal,789,75,9610,0
8,2023-06-10 03:24:32,2023-06-10 08:24:32,Desktop,Normal,972,17,3729,0
83,2023-04-28 08:18:02,2023-04-28 13:18:02,Laptop,Normal,542,28,5801,0
55,2023-12-03 14:39:38,2023-12-03 21:39:38,Mobile,Normal,910,4,6024,0
84,2023-03-08 23:43:09,2023-03-09 04:43:09,Laptop,Normal,650,3,6105,0
99,2023-07-28 06:12:10,2023-07-28 10:12:10,Mobile,Normal,140,56,3693,0
16,2023-07-18 12:09:57,2023-07-18 15:09:57,Mobile,Normal,243,82,6819,0
77,2023-02-25 14:23:06,2023-02-25 19:23:06,Laptop,Normal,622,37,814,0
42,2023-05-17 05:57:43,2023-05-17 06:57:43,Laptop,Normal,179,17,2733,0
85,2023-05-28 00:46:24,2023-05-28 05:46:24,Desktop,Normal,133,45,2412,0
6,2023-05-02 16:17:02,2023-05-02 21:17:02,Laptop,Normal,748,41,4287,0
91,2023-09-16 12:51:15,2023-09-16 13:51:15,Mobile,Abnormal,521,58,4915,0
88,2023-03-12 17:13:31,2023-03-12 21:13:31,Laptop,Normal,729,18,9838,1
11,2023-05-23 03:18:35,2023-05-23 05:18:35,Desktop,Normal,84,39,9659,1
42,2023-08-03 01:17:20,2023-08-03 02:17:20,Mobile,Normal,153,5,4926,0
7,2023-01-22 09:55:37,2023-01-22 15:55:37,Mobile,Normal,705,0,5415,0
73,2023-04-05 17:07:53,2023-04-06 00:07:53,Laptop,Normal,179,69,5831,0
47,2023-05-08 13:37:30,2023-05-08 16:37:30,Mobile,Normal,175,54,7894,0
9,2023-04-01 23:12:59,2023-04-02 05:12:59,Desktop,Normal,366,10,7797,0
40,2023-04-21 10:33:33,2023-04-21 14:33:33,Laptop,Normal,38,47,1287,0
20,2023-10-27 01:54:59,2023-10-27 05:54:59,Mobile,Normal,45,43,4377,0
46,2023-05-26 07:38:47,2023-05-26 12:38:47,Laptop,Normal,316,35,2039,0
8,2023-07-21 15:17:16,2023-07-21 19:17:16,Mobile,Normal,34,46,4369,0
71,2023-11-17 12:28:40,2023-11-17 13:28:40,Mobile,Normal,704,76,9266,0
58,2023-04-11 11:05:52,2023-04-11 12:05:52,Mobile,Normal,496,77,703,0
24,2023-04-14 05:17:18,2023-04-14 06:17:18,Laptop,Normal,758,31,1573,1
40,2023-04-30 20:03:14,2023-05-01 01:03:14,Mobile,Normal,981,56,772,0
89,2023-11-09 19:46:32,2023-11-09 23:46:32,Mobile,Normal,675,59,2415,0
98,2023-11-27 22:47:58,2023-11-28 05:47:58,Mobile,Normal,390,33,4501,0
94,2023-03-12 19:13:52,2023-03-13 01:13:52,Laptop,Normal,487,41,6002,0
9,2023-10-04 11:29:10,2023-10-04 14:29:10,Mobile,Normal,804,96,2243,0
45,2023-07-21 23:00:20,2023-07-22 06:00:20,Desktop,Normal,923,15,7855,0
90,2023-03-30 10:35:55,2023-03-30 16:35:55,Mobile,Normal,716,72,1045,0
97,2023-12-06 05:22:08,2023-12-06 11:22:08,Desktop,Normal,556,63,483,0
18,2023-09-20 14:59:26,2023-09-20 18:59:26,Mobile,Normal,466,24,5533,0
35,2023-05-10 07:03:36,2023-05-10 14:03:36,Mobile,Normal,834,66,7997,0
40,2023-11-10 09:52:29,2023-11-10 14:52:29,Desktop,Normal,248,65,9263,0
63,2023-09-13 06:36:08,2023-09-13 09:36:08,Laptop,Normal,50,36,4441,0
38,2023-04-12 09:43:12,2023-04-12 16:43:12,Mobile,Normal,931,92,3301,0
10,2023-02-03 21:10:45,2023-02-04 03:10:45,Mobile,Normal,610,98,7303,0
25,2023-08-03 22:24:04,2023-08-04 03:24:04,Desktop,Normal,346,95,9479,0
100,2023-09-30 02:43:44,2023-09-30 07:43:44,Desktop,Normal,183,30,6706,0
47,2023-10-27 23:01:19,2023-10-28 05:01:19,Laptop,Normal,2,61,7282,0
13,2023-09-26 08:19:25,2023-09-26 12:19:25,Desktop,Normal,859,78,7446,0
15,2023-10-26 00:49:39,2023-10-26 05:49:39,Mobile,Normal,282,22,1738,0
100,2023-03-27 19:16:05,2023-03-27 23:16:05,Laptop,Normal,589,12,3603,0
85,2023-09-09 15:39:10,2023-09-09 18:39:10,Desktop,Normal,61,81,6129,0
64,2023-08-25 19:53:15,2023-08-26 02:53:15,Desktop,Normal,832,95,7144,0
89,2023-05-03 04:23:13,2023-05-03 08:23:13,Desktop,Normal,715,79,7415,0
34,2023-04-12 08:04:14,2023-04-12 12:04:14,Desktop,Normal,844,70,6797,0
88,2023-12-17 02:49:33,2023-12-17 06:49:33,Desktop,Normal,138,70,1592,0
35,2023-06-26 05:06:26,2023-06-26 10:06:26,Laptop,Normal,520,84,5100,0
49,2023-12-01 04:27:39,2023-12-01 06:27:39,Laptop,Normal,957,5,651,0
33,2023-07-11 01:17:31,2023-07-11 06:17:31,Mobile,Normal,210,25,8805,0
58,2023-12-22 21:42:14,2023-12-23 01:42:14,Mobile,Normal,962,11,8839,0
93,2023-04-11 13:49:31,2023-04-11 15:49:31,Mobile,Normal,246,10,3380,0
93,2023-10-18 09:51:49,2023-10-18 15:51:49,Desktop,Normal,833,17,1117,0
36,2023-12-12 06:47:32,2023-12-12 13:47:32,Desktop,Normal,998,9,8956,0
96,2023-04-01 17:19:59,2023-04-02 00:19:59,Desktop,Normal,699,46,8719,0
52,2023-04-14 23:32:14,2023-04-15 05:32:14,Desktop,Normal,85,52,2349,0
7,2023-06-02 18:21:41,2023-06-02 22:21:41,Mobile,Normal,179,49,1520,0
51,2023-11-22 10:05:53,2023-11-22 16:05:53,Laptop,Normal,542,61,2265,0
24,2023-07-05 09:01:46,2023-07-05 13:01:46,Desktop,Normal,7,88,1555,0
3,2023-11-16 03:30:43,2023-11-16 04:30:43,Mobile,Normal,237,70,4218,0
17,2023-03-19 23:25:33,2023-03-20 00:25:33,Laptop,Normal,27,8,2651,0
22,2023-11-25 03:50:40,2023-11-25 10:50:40,Mobile,Normal,925,90,9025,0
4,2023-02-18 18:29:38,2023-02-18 23:29:38,Mobile,Normal,786,42,213,0
44,2023-09-21 21:32:27,2023-09-22 03:32:27,Desktop,Normal,158,6,8533,0
72,2023-10-28 11:17:25,2023-10-28 17:17:25,Mobile,Normal,316,45,6512,0
1,2023-07-14 15:21:32,2023-07-14 19:21:32,Mobile,Normal,203,53,7923,0
23,2023-01-05 18:37:09,2023-01-05 20:37:09,Mobile,Normal,786,26,1259,0
84,2023-05-06 02:19:23,2023-05-06 05:19:23,Laptop,Normal,454,32,8208,0
40,2023-08-31 23:35:47,2023-09-01 03:35:47,Mobile,Normal,437,20,7060,0
4,2023-09-19 12:58:59,2023-09-19 18:58:59,Laptop,Normal,726,67,1363,0
28,2023-01-02 18:18:05,2023-01-02 23:18:05,Desktop,Normal,562,5,704,0
87,2023-04-16 16:25:12,2023-04-16 19:25:12,Desktop,Normal,578,39,3916,0
66,2023-05-14 00:04:34,2023-05-14 06:04:34,Desktop,Normal,859,84,7736,0
12,2023-04-12 09:31:26,2023-04-12 15:31:26,Mobile,Abnormal,130,29,7022,0
59,2023-06-20 08:34:38,2023-06-20 13:34:38,Desktop,Normal,863,43,9388,0
28,2023-01-01 08:16:49,2023-01-01 12:16:49,Mobile,Normal,829,83,2358,0
39,2023-08-09 09:10:27,2023-08-09 11:10:27,Desktop,Normal,413,59,5663,0
77,2023-02-04 03:28:56,2023-02-04 04:28:56,Desktop,Normal,726,69,9982,0
8,2023-08-21 23:29:41,2023-08-22 03:29:41,Laptop,Normal,42,44,2418,0
56,2023-02-11 06:53:27,2023-02-11 11:53:27,Desktop,Normal,853,71,5855,0
31,2023-02-18 10:23:22,2023-02-18 14:23:22,Laptop,Normal,411,3,2001,0
45,2023-06-28 19:17:30,2023-06-28 20:17:30,Laptop,Normal,56,26,7522,0
83,2023-12-14 05:13:16,2023-12-14 12:13:16,Desktop,Normal,57,87,2206,0
7,2023-05-18 21:37:22,2023-05-18 22:37:22,Laptop,Normal,599,13,3562,0
47,2023-10-17 00:43:45,2023-10-17 04:43:45,Mobile,Normal,554,17,1588,0
67,2023-12-29 07:39:29,2023-12-29 11:39:29,Laptop,Normal,991,6,4194,0
1,2023-03-27 07:14:52,2023-03-27 13:14:52,Mobile,Abnormal,431,29,9748,0
81,2023-04-27 22:00:51,2023-04-28 01:00:51,Mobile,Normal,881,82,3867,0
40,2023-10-02 10:10:30,2023-10-02 15:10:30,Mobile,Normal,570,84,2622,0
59,2023-10-26 21:37:03,2023-10-27 04:37:03,Desktop,Abnormal,324,20,4018,0
46,2023-06-06 23:02:30,2023-06-07 01:02:30,Desktop,Normal,89,65,5279,0
77,2023-08-09 15:05:03,2023-08-09 19:05:03,Laptop,Normal,758,95,6438,0
73,2023-07-08 17:53:17,2023-07-08 20:53:17,Mobile,Normal,909,22,3148,0
54,2023-01-03 21:49:14,2023-01-04 01:49:14,Mobile,Normal,853,93,4434,0
46,2023-07-12 19:08:21,2023-07-12 23:08:21,Desktop,Normal,75,96,2277,0
20,2023-06-02 09:27:54,2023-06-02 10:27:54,Desktop,Normal,842,63,5340,0
58,2023-10-18 00:00:59,2023-10-18 01:00:59,Laptop,Abnormal,903,31,8102,0
1,2023-06-25 02:28:50,2023-06-25 04:28:50,Desktop,Normal,292,43,502,0
41,2023-09-30 12:10:22,2023-09-30 18:10:22,Mobile,Normal,260,53,9902,0
20,2023-07-29 09:56:32,2023-07-29 14:56:32,Desktop,Normal,23,84,2998,0
88,2023-11-07 05:08:17,2023-11-07 08:08:17,Mobile,Normal,223,10,4316,0
88,2023-10-21 05:04:53,2023-10-21 08:04:53,Mobile,Normal,462,33,609,0
76,2023-12-26 16:03:27,2023-12-26 21:03:27,Mobile,Normal,711,99,9749,0
68,2023-02-13 22:38:55,2023-02-14 04:38:55,Desktop,Normal,665,86,1397,0
27,2023-10-18 07:42:38,2023-10-18 14:42:38,Laptop,Normal,460,17,5788,0
48,2023-03-23 21:00:54,2023-03-24 02:00:54,Desktop,Normal,543,78,2396,0
70,2023-08-15 12:42:45,2023-08-15 16:42:45,Laptop,Normal,801,53,4133,0
35,2023-07-26 21:45:12,2023-07-27 02:45:12,Desktop,Normal,306,43,9349,0
55,2023-04-17 15:11:03,2023-04-17 20:11:03,Desktop,Normal,343,66,4368,0
91,2023-12-17 00:37:28,2023-12-17 05:37:28,Mobile,Normal,857,63,2009,0
14,2023-08-24 19:39:32,2023-08-25 01:39:32,Mobile,Normal,299,34,5229,0
4,2023-01-22 23:23:46,2023-01-23 04:23:46,Laptop,Normal,531,85,9472,0
31,2023-04-12 08:42:40,2023-04-12 12:42:40,Laptop,Normal,452,44,6405,0
26,2023-11-12 04:19:10,2023-11-12 07:19:10,Laptop,Normal,84,99,2925,0
34,2023-10-24 09:03:08,2023-10-24 12:03:08,Laptop,Normal,746,68,7878,0
38,2023-07-25 22:03:56,2023-07-25 23:03:56,Mobile,Normal,231,85,348,0
30,2023-08-19 22:46:42,2023-08-20 03:46:42,Laptop,Normal,664,4,6424,0
72,2023-06-03 03:42:40,2023-06-03 06:42:40,Mobile,Normal,597,0,1836,0
61,2023-08-26 16:26:46,2023-08-26 22:26:46,Mobile,Normal,833,71,1840,0
99,2023-03-06 08:51:57,2023-03-06 13:51:57,Desktop,Normal,80,52,8003,0
62,2023-08-30 17:26:36,2023-08-30 21:26:36,Laptop,Normal,526,77,2504,0
25,2023-10-17 18:53:09,2023-10-17 23:53:09,Laptop,Normal,559,11,9345,0
55,2023-04-30 07:27:34,2023-04-30 14:27:34,Mobile,Normal,201,99,3614,0
37,2023-04-30 10:12:41,2023-04-30 17:12:41,Laptop,Normal,899,67,4630,0
72,2023-12-13 05:07:26,2023-12-13 11:07:26,Mobile,Normal,503,78,2073,0
99,2023-06-14 02:12:30,2023-06-14 09:12:30,Laptop,Normal,366,96,4610,0
41,2023-06-28 15:17:02,2023-06-28 19:17:02,Laptop,Normal,113,16,887,0
54,2023-09-14 09:39:51,2023-09-14 10:39:51,Laptop,Normal,332,4,4030,0
99,2023-09-30 21:39:49,2023-10-01 01:39:49,Desktop,Normal,898,14,8922,0
43,2023-01-22 09:16:50,2023-01-22 13:16:50,Desktop,Normal,227,81,713,0
96,2023-02-07 22:23:18,2023-02-08 02:23:18,Desktop,Normal,169,94,1338,0
61,2023-06-22 02:29:45,2023-06-22 08:29:45,Mobile,Normal,736,48,7817,0
96,2023-05-24 18:27:37,2023-05-24 20:27:37,Desktop,Normal,113,66,4571,0
86,2023-06-12 22:56:12,2023-06-13 01:56:12,Mobile,Normal,928,5,1268,0
36,2023-07-09 01:56:58,2023-07-09 06:56:58,Desktop,Normal,460,43,2672,0
67,2023-02-09 15:37:51,2023-02-09 20:37:51,Mobile,Normal,259,76,5500,0
83,2023-08-01 01:30:54,2023-08-01 08:30:54,Laptop,Normal,523,2,4478,0
86,2023-03-16 09:25:34,2023-03-16 10:25:34,Laptop,Normal,728,55,680,0
49,2023-10-24 15:12:51,2023-10-24 16:12:51,Laptop,Normal,203,87,4589,0
10,2023-03-03 00:53:27,2023-03-03 05:53:27,Mobile,Normal,180,59,5380,0
55,2023-10-28 08:15:34,2023-10-28 10:15:34,Desktop,Normal,750,10,5854,0
24,2023-05-12 11:02:49,2023-05-12 17:02:49,Mobile,Normal,672,98,418,0
2,2023-09-12 11:54:08,2023-09-12 18:54:08,Mobile,Normal,478,36,9705,0
69,2023-02-04 17:47:28,2023-02-04 18:47:28,Laptop,Normal,762,25,3075,0
27,2023-02-13 02:57:21,2023-02-13 05:57:21,Desktop,Normal,354,6,1789,0
10,2023-08-25 07:50:51,2023-08-25 14:50:51,Mobile,Normal,105,80,9945,0
87,2023-06-15 00:35:42,2023-06-15 01:35:42,Mobile,Normal,186,93,6375,0
44,2023-02-27 23:05:55,2023-02-28 03:05:55,Mobile,Normal,519,88,9531,0
47,2023-09-29 04:20:59,2023-09-29 11:20:59,Laptop,Normal,950,36,3300,0
43,2023-04-18 10:17:17,2023-04-18 13:17:17,Desktop,Normal,492,18,4930,0
39,2023-02-27 19:04:46,2023-02-28 02:04:46,Desktop,Normal,869,12,2951,0
67,2023-06-01 01:56:10,2023-06-01 06:56:10,Desktop,Normal,810,81,6638,0
24,2023-05-02 08:24:26,2023-05-02 15:24:26,Mobile,Normal,684,43,7268,0
79,2023-06-18 06:03:53,2023-06-18 08:03:53,Mobile,Normal,904,63,9240,0
6,2023-03-13 06:07:13,2023-03-13 11:07:13,Mobile,Normal,463,11,4129,0
80,2023-10-27 20:08:01,2023-10-28 03:08:01,Mobile,Normal,310,57,9831,0
39,2023-03-05 10:22:38,2023-03-05 14:22:38,Desktop,Normal,960,48,221,0
44,2023-12-29 21:16:34,2023-12-30 01:16:34,Laptop,Normal,64,53,3428,0
22,2023-08-16 23:42:46,2023-08-17 05:42:46,Mobile,Normal,650,41,8523,0
12,2023-01-15 10:57:52,2023-01-15 14:57:52,Desktop,Normal,968,3,4699,0
28,2023-02-18 16:19:21,2023-02-18 23:19:21,Desktop,Normal,883,81,3968,0
78,2023-12-17 22:12:59,2023-12-18 05:12:59,Laptop,Normal,613,89,6668,0
38,2023-07-26 09:43:42,2023-07-26 11:43:42,Mobile,Normal,252,72,9130,0
13,2023-12-16 14:27:22,2023-12-16 19:27:22,Laptop,Normal,142,25,6135,0
92,2023-01-13 07:19:36,2023-01-13 10:19:36,Laptop,Normal,665,46,7193,0
80,2023-08-06 13:30:19,2023-08-06 15:30:19,Desktop,Normal,922,95,487,0
94,2023-12-30 10:41:16,2023-12-30 11:41:16,Laptop,Normal,214,67,9738,0
7,2023-11-27 07:48:01,2023-11-27 12:48:01,Desktop,Normal,656,88,4380,0
20,2023-06-04 04:08:22,2023-06-04 09:08:22,Laptop,Normal,54,86,8920,0
58,2023-09-13 07:20:36,2023-09-13 11:20:36,Desktop,Normal,211,41,1916,0
34,2023-03-26 03:06:13,2023-03-26 10:06:13,Laptop,Normal,773,87,6937,0
7,2023-04-14 00:32:47,2023-04-14 04:32:47,Desktop,Normal,481,54,4050,0
37,2023-12-12 10:26:33,2023-12-12 14:26:33,Mobile,Normal,937,19,9217,0
80,2023-11-02 04:55:27,2023-11-02 08:55:27,Mobile,Normal,983,57,7508,0
48,2023-12-02 18:12:57,2023-12-03 00:12:57,Laptop,Normal,121,59,4752,0
29,2023-08-03 16:27:22,2023-08-03 19:27:22,Laptop,Normal,565,2,7450,0
41,2023-06-30 14:04:14,2023-06-30 20:04:14,Desktop,Normal,272,64,9840,0
68,2023-03-03 03:01:28,2023-03-03 08:01:28,Laptop,Normal,967,95,9402,0
96,2023-01-01 14:50:48,2023-01-01 15:50:48,Laptop,Normal,609,76,3732,0
93,2023-06-16 13:15:50,2023-06-16 15:15:50,Desktop,Normal,388,40,8972,0
50,2023-12-11 09:21:38,2023-12-11 14:21:38,Desktop,Normal,882,40,6780,0
68,2023-06-14 03:54:13,2023-06-14 05:54:13,Mobile,Normal,647,53,6284,0
50,2023-06-02 03:15:14,2023-06-02 07:15:14,Mobile,Normal,335,49,6862,0
12,2023-03-17 01:38:49,2023-03-17 04:38:49,Laptop,Normal,543,3,5980,0
5,2023-07-29 00:59:47,2023-07-29 07:59:47,Mobile,Normal,654,55,6575,0
49,2023-02-27 16:38:20,2023-02-27 17:38:20,Mobile,Normal,117,48,4945,0
35,2023-07-15 10:48:05,2023-07-15 14:48:05,Laptop,Normal,928,49,6350,0
93,2023-09-22 20:58:43,2023-09-22 23:58:43,Desktop,Normal,898,6,3526,0
41,2023-09-01 11:01:08,2023-09-01 15:01:08,Laptop,Normal,294,74,4254,0
82,2023-05-03 06:36:10,2023-05-03 07:36:10,Mobile,Normal,479,45,1268,0
20,2023-04-24 01:19:52,2023-04-24 03:19:52,Desktop,Normal,859,20,9593,0
39,2023-06-17 10:16:00,2023-06-17 17:16:00,Mobile,Normal,475,32,9680,0
45,2023-11-23 05:18:47,2023-11-23 07:18:47,Laptop,Normal,532,19,9391,0
93,2023-12-20 14:49:22,2023-12-20 15:49:22,Desktop,Normal,486,53,922,0
19,2023-07-16 14:05:56,2023-07-16 21:05:56,Laptop,Abnormal,915,63,4079,0
15,2023-11-15 18:22:32,2023-11-15 23:22:32,Desktop,Normal,936,56,9023,0
59,2023-01-28 14:30:57,2023-01-28 18:30:57,Desktop,Normal,608,73,5171,0
77,2023-08-30 23:50:21,2023-08-31 00:50:21,Desktop,Normal,44,29,9769,0
18,2023-08-23 07:10:26,2023-08-23 14:10:26,Laptop,Normal,671,89,2107,0
69,2023-06-20 11:46:32,2023-06-20 18:46:32,Mobile,Normal,824,53,5648,0
31,2023-04-02 02:30:24,2023-04-02 03:30:24,Mobile,Normal,29,92,2201,0
27,2023-01-21 18:25:26,2023-01-21 23:25:26,Mobile,Normal,76,1,1998,0
91,2023-01-27 20:09:34,2023-01-28 03:09:34,Mobile,Normal,580,37,2351,0
27,2023-10-30 17:59:44,2023-10-30 18:59:44,Mobile,Normal,873,58,4809,0
42,2023-03-12 20:37:19,2023-03-13 03:37:19,Desktop,Normal,72,32,2645,0
80,2023-07-09 00:12:51,2023-07-09 07:12:51,Desktop,Normal,87,91,1438,1
47,2023-11-03 07:37:51,2023-11-03 13:37:51,Desktop,Normal,592,73,6380,0
12,2023-07-29 10:15:20,2023-07-29 12:15:20,Desktop,Normal,511,33,90,1
82,2023-07-10 06:39:04,2023-07-10 12:39:04,Mobile,Normal,344,95,9145,0
100,2023-09-02 08:36:43,2023-09-02 10:36:43,Laptop,Normal,981,43,3376,0
78,2023-06-25 17:26:29,2023-06-26 00:26:29,Laptop,Normal,656,54,2504,0
8,2023-04-10 16:24:55,2023-04-10 17:24:55,Desktop,Normal,532,82,5149,0
2,2023-02-14 06:01:45,2023-02-14 08:01:45,Laptop,Normal,312,91,5309,0
93,2023-11-14 15:30:47,2023-11-14 22:30:47,Desktop,Normal,710,24,1785,0
23,2023-09-25 00:15:08,2023-09-25 05:15:08,Mobile,Normal,42,68,4652,0
13,2023-05-11 07:32:10,2023-05-11 10:32:10,Mobile,Normal,818,6,9728,0
19,2023-12-16 15:35:05,2023-12-16 16:35:05,Mobile,Normal,933,64,7871,0
44,2023-09-30 11:19:44,2023-09-30 13:19:44,Mobile,Normal,460,30,5435,0
87,2023-01-06 11:54:25,2023-01-06 14:54:25,Desktop,Normal,415,8,2031,0
38,2023-01-09 20:18:30,2023-01-09 23:18:30,Laptop,Normal,575,89,6370,1
88,2023-07-03 17:27:14,2023-07-04 00:27:14,Mobile,Normal,746,81,5955,0
79,2023-05-15 06:42:36,2023-05-15 08:42:36,Mobile,Normal,339,31,4850,0
28,2023-04-13 17:59:19,2023-04-13 18:59:19,Laptop,Normal,786,49,4997,0
78,2023-12-16 12:21:45,2023-12-16 17:21:45,Laptop,Normal,560,2,4544,0
23,2023-03-19 16:26:45,2023-03-19 18:26:45,Mobile,Normal,798,81,4276,0
20,2023-04-24 01:09:21,2023-04-24 05:09:21,Mobile,Normal,572,41,7492,0
26,2023-08-09 07:04:06,2023-08-09 13:04:06,Mobile,Normal,33,55,6924,0
98,2023-06-15 07:55:35,2023-06-15 08:55:35,Laptop,Normal,621,28,8424,0
45,2023-11-16 20:20:25,2023-11-17 00:20:25,Mobile,Normal,894,89,2757,0
63,2023-01-20 17:10:11,2023-01-20 19:10:11,Laptop,Normal,519,92,6372,0
75,2023-07-25 10:05:34,2023-07-25 13:05:34,Desktop,Normal,1,89,6310,0
74,2023-05-16 03:32:21,2023-05-16 06:32:21,Mobile,Normal,881,21,6586,0
26,2023-06-01 03:54:41,2023-06-01 06:54:41,Mobile,Normal,931,90,7170,0
35,2023-01-27 22:05:02,2023-01-28 00:05:02,Desktop,Normal,752,94,7555,0
87,2023-11-29 12:00:30,2023-11-29 15:00:30,Laptop,Normal,607,20,8642,0
41,2023-09-23 16:37:34,2023-09-23 17:37:34,Desktop,Normal,268,10,9500,0
97,2023-01-16 19:49:48,2023-01-17 01:49:48,Mobile,Normal,246,98,868,0
58,2023-11-10 14:23:24,2023-11-10 21:23:24,Desktop,Normal,244,68,3932,0
49,2023-08-07 03:43:53,2023-08-07 06:43:53,Desktop,Normal,298,16,6698,0
72,2023-04-16 22:53:12,2023-04-17 02:53:12,Laptop,Normal,2,10,8711,0
77,2023-02-07 08:15:23,2023-02-07 13:15:23,Desktop,Abnormal,875,89,3235,0
88,2023-08-24 02:39:59,2023-08-24 03:39:59,Mobile,Normal,182,21,3616,0
60,2023-02-22 20:04:11,2023-02-22 23:04:11,Desktop,Normal,572,53,5852,0
53,2023-07-28 22:53:19,2023-07-29 01:53:19,Mobile,Normal,621,3,9570,0
93,2023-04-19 02:55:44,2023-04-19 05:55:44,Desktop,Normal,761,95,4633,0
11,2023-07-25 20:56:24,2023-07-26 02:56:24,Laptop,Normal,945,64,1588,1
49,2023-08-16 15:12:36,2023-08-16 16:12:36,Mobile,Normal,340,58,1323,0
32,2023-04-18 23:52:26,2023-04-19 03:52:26,Mobile,Normal,59,56,9636,0
13,2023-11-18 16:55:22,2023-11-18 18:55:22,Laptop,Normal,357,60,2327,0
32,2023-01-06 22:47:33,2023-01-07 04:47:33,Laptop,Normal,444,86,7639,0
39,2023-01-27 22:50:00,2023-01-28 01:50:00,Mobile,Normal,52,92,9603,0
23,2023-12-23 20:28:24,2023-12-24 03:28:24,Desktop,Normal,143,57,349,0
37,2023-11-17 00:57:01,2023-11-17 01:57:01,Desktop,Normal,429,37,7376,0
2,2023-02-11 00:54:06,2023-02-11 02:54:06,Mobile,Normal,741,23,5304,0
62,2023-06-16 22:09:43,2023-06-17 01:09:43,Mobile,Normal,510,56,8434,0
13,2023-08-05 05:50:32,2023-08-05 12:50:32,Desktop,Normal,257,98,152,0
44,2023-10-17 03:46:38,2023-10-17 10:46:38,Mobile,Normal,344,40,7635,0
91,2023-03-11 14:47:04,2023-03-11 17:47:04,Laptop,Normal,964,79,3487,0
47,2023-10-08 18:22:20,2023-10-08 21:22:20,Desktop,Normal,682,45,7739,0
47,2023-06-10 10:20:19,2023-06-10 13:20:19,Desktop,Normal,827,66,8531,0
8,2023-07-29 13:23:22,2023-07-29 20:23:22,Mobile,Normal,190,7,6853,0
59,2023-05-10 09:45:10,2023-05-10 10:45:10,Mobile,Normal,43,40,9316,0
50,2023-01-23 05:25:00,2023-01-23 12:25:00,Mobile,Normal,451,46,4019,0
90,2023-09-15 07:59:31,2023-09-15 10:59:31,Desktop,Normal,943,11,4470,0
92,2023-06-26 04:20:01,2023-06-26 06:20:01,Laptop,Normal,328,84,3770,0
96,2023-01-17 07:18:37,2023-01-17 11:18:37,Laptop,Normal,168,32,8056,0
90,2023-09-16 20:58:48,2023-09-16 23:58:48,Laptop,Normal,755,16,6712,0
95,2023-04-29 05:22:24,2023-04-29 10:22:24,Laptop,Normal,62,65,7264,0
4,2023-05-29 02:05:03,2023-05-29 07:05:03,Desktop,Normal,130,87,3767,0
55,2023-01-20 05:42:27,2023-01-20 09:42:27,Mobile,Normal,332,15,8426,0
58,2023-01-28 08:51:26,2023-01-28 13:51:26,Desktop,Normal,609,9,9248,0
59,2023-10-19 10:09:58,2023-10-19 14:09:58,Desktop,Normal,618,67,5684,0
57,2023-09-22 14:25:16,2023-09-22 20:25:16,Laptop,Normal,162,20,3116,0
65,2023-10-31 12:22:00,2023-10-31 14:22:00,Laptop,Normal,248,66,9362,0
60,2023-12-14 09:19:47,2023-12-14 11:19:47,Mobile,Normal,783,0,7287,0
91,2023-02-09 13:11:54,2023-02-09 14:11:54,Laptop,Normal,589,16,5570,0
95,2023-08-05 14:09:41,2023-08-05 15:09:41,Desktop,Normal,90,12,124,0
39,2023-04-10 05:48:51,2023-04-10 11:48:51,Desktop,Normal,743,29,5836,0
82,2023-10-31 13:29:30,2023-10-31 18:29:30,Desktop,Normal,134,97,778,0
76,2023-04-22 01:37:22,2023-04-22 02:37:22,Mobile,Normal,834,69,6881,0
10,2023-01-31 01:54:11,2023-01-31 07:54:11,Desktop,Normal,626,27,640,1
97,2023-03-08 00:12:14,2023-03-08 02:12:14,Laptop,Normal,217,18,5070,0
64,2023-09-23 23:27:38,2023-09-24 00:27:38,Desktop,Normal,335,46,1824,0
8,2023-10-25 23:30:15,2023-10-26 00:30:15,Desktop,Normal,131,22,3096,0
25,2023-01-02 18:48:34,2023-01-02 22:48:34,Mobile,Normal,234,66,1765,0
87,2023-04-02 02:06:55,2023-04-02 07:06:55,Mobile,Normal,197,82,7940,0
70,2023-06-19 15:27:29,2023-06-19 18:27:29,Mobile,Normal,892,91,4561,0
97,2023-03-26 08:03:21,2023-03-26 09:03:21,Mobile,Normal,217,92,2300,0
10,2023-02-13 19:36:54,2023-02-14 00:36:54,Laptop,Normal,549,86,3049,0
64,2023-09-07 12:36:34,2023-09-07 15:36:34,Mobile,Normal,129,98,4145,0
39,2023-11-02 04:41:13,2023-11-02 05:41:13,Laptop,Normal,173,47,8067,0
95,2023-04-23 09:59:02,2023-04-23 15:59:02,Mobile,Normal,326,32,7602,0
44,2023-05-05 18:04:31,2023-05-05 23:04:31,Desktop,Normal,110,56,3446,0
97,2023-02-13 00:23:09,2023-02-13 07:23:09,Mobile,Normal,899,63,2049,1
70,2023-09-03 06:57:53,2023-09-03 07:57:53,Desktop,Normal,376,95,8129,0
19,2023-11-05 08:31:08,2023-11-05 14:31:08,Laptop,Normal,564,95,3259,0
72,2023-03-14 08:32:06,2023-03-14 10:32:06,Desktop,Normal,83,66,9831,0
98,2023-09-01 07:16:17,2023-09-01 08:16:17,Mobile,Normal,943,36,3319,0
80,2023-04-12 17:35:58,2023-04-12 19:35:58,Mobile,Normal,157,6,5432,0
77,2023-12-03 01:14:20,2023-12-03 02:14:20,Mobile,Normal,453,87,1198,0
9,2023-01-06 00:42:21,2023-01-06 05:42:21,Mobile,Normal,155,82,9108,0
100,2023-12-07 10:07:02,2023-12-07 16:07:02,Mobile,Normal,533,18,3621,0
20,2023-06-29 05:30:46,2023-06-29 09:30:46,Desktop,Normal,418,72,3781,0
44,2023-10-12 16:58:03,2023-10-12 17:58:03,Mobile,Normal,913,56,9102,0
25,2023-03-19 18:46:23,2023-03-20 01:46:23,Desktop,Normal,841,92,3658,0
77,2023-02-04 05:27:08,2023-02-04 09:27:08,Laptop,Normal,517,1,4523,0
36,2023-10-27 11:14:07,2023-10-27 12:14:07,Mobile,Normal,153,71,4168,0
52,2023-12-13 21:40:05,2023-12-14 03:40:05,Mobile,Normal,396,79,3095,0
69,2023-06-11 16:59:37,2023-06-11 22:59:37,Laptop,Abnormal,552,12,5993,0
93,2023-07-21 16:27:57,2023-07-21 21:27:57,Mobile,Normal,869,16,5980,0
38,2023-08-01 04:55:24,2023-08-01 09:55:24,Laptop,Normal,473,15,5760,0
39,2023-09-30 15:42:53,2023-09-30 16:42:53,Desktop,Normal,74,36,9394,0
28,2023-08-11 18:25:07,2023-08-11 21:25:07,Mobile,Normal,18,80,7311,0
83,2023-02-28 05:33:38,2023-02-28 08:33:38,Mobile,Normal,363,27,1914,0
64,2023-06-05 06:16:34,2023-06-05 13:16:34,Mobile,Normal,839,64,4700,0
32,2023-04-04 00:34:21,2023-04-04 04:34:21,Mobile,Normal,293,27,7245,0
20,2023-04-13 01:08:52,2023-04-13 05:08:52,Mobile,Normal,60,30,4349,0
69,2023-12-22 18:00:19,2023-12-22 19:00:19,Mobile,Normal,924,13,2481,0
48,2023-06-02 05:24:31,2023-06-02 08:24:31,Laptop,Normal,823,55,872,0
27,2023-06-22 12:35:09,2023-06-22 15:35:09,Desktop,Normal,229,40,741,0
59,2023-03-15 22:49:21,2023-03-16 04:49:21,Desktop,Normal,606,53,221,0
52,2023-10-04 06:43:31,2023-10-04 10:43:31,Mobile,Normal,263,62,7457,0
28,2023-07-01 22:17:19,2023-07-02 04:17:19,Mobile,Normal,413,52,6218,0
72,2023-01-24 22:10:14,2023-01-25 04:10:14,Laptop,Normal,309,57,3076,0
77,2023-07-30 09:43:54,2023-07-30 14:43:54,Mobile,Normal,622,9,6569,0
94,2023-05-08 00:43:47,2023-05-08 06:43:47,Mobile,Normal,36,9,6546,0
29,2023-09-30 13:55:47,2023-09-30 16:55:47,Mobile,Normal,624,9,580,0
46,2023-07-18 03:08:40,2023-07-18 07:08:40,Mobile,Normal,364,73,5385,0
6,2023-05-06 02:24:13,2023-05-06 04:24:13,Mobile,Normal,917,8,3479,0
85,2023-11-20 08:26:49,2023-11-20 11:26:49,Desktop,Normal,562,18,6796,0
78,2023-04-08 07:13:08,2023-04-08 14:13:08,Desktop,Normal,993,29,4001,0
23,2023-06-29 18:11:01,2023-06-29 20:11:01,Mobile,Normal,158,88,4329,0
14,2023-04-18 13:24:45,2023-04-18 16:24:45,Desktop,Normal,876,10,2146,0
94,2023-01-05 14:17:16,2023-01-05 21:17:16,Mobile,Normal,768,18,2109,0
68,2023-10-10 13:35:35,2023-10-10 14:35:35,Desktop,Normal,387,46,4872,0
59,2023-09-21 02:50:11,2023-09-21 05:50:11,Mobile,Normal,210,47,3042,0
98,2023-10-05 03:50:27,2023-10-05 04:50:27,Desktop,Abnormal,110,35,7714,0
61,2023-06-12 23:39:17,2023-06-13 01:39:17,Laptop,Normal,420,83,4519,0
29,2023-05-12 21:21:40,2023-05-13 03:21:40,Mobile,Normal,746,4,8660,0
70,2023-01-09 01:55:10,2023-01-09 03:55:10,Desktop,Normal,63,86,2152,0
12,2023-12-12 21:50:05,2023-12-13 03:50:05,Desktop,Normal,399,79,7998,0
37,2023-10-04 04:57:05,2023-10-04 09:57:05,Mobile,Normal,942,76,8272,0
77,2023-12-15 18:03:01,2023-12-16 01:03:01,Mobile,Normal,616,30,6771,0
75,2023-01-23 22:26:47,2023-01-23 23:26:47,Mobile,Normal,834,2,7659,0
95,2023-05-01 22:34:58,2023-05-02 05:34:58,Desktop,Normal,664,41,6334,0
42,2023-04-25 01:57:00,2023-04-25 08:57:00,Mobile,Normal,31,45,1383,0
80,2023-10-06 03:08:31,2023-10-06 06:08:31,Mobile,Normal,119,25,8377,0
8,2023-12-12 03:49:43,2023-12-12 07:49:43,Laptop,Normal,43,52,3193,0
97,2023-09-16 02:37:47,2023-09-16 05:37:47,Desktop,Normal,435,51,2841,0
18,2023-01-30 05:06:09,2023-01-30 10:06:09,Laptop,Normal,625,91,4680,0
26,2023-10-29 10:25:15,2023-10-29 13:25:15,Mobile,Normal,612,36,6240,0
59,2023-07-19 02:56:40,2023-07-19 08:56:40,Laptop,Normal,380,58,8187,0
98,2023-11-16 23:18:21,2023-11-17 01:18:21,Desktop,Normal,525,80,9013,0
53,2023-12-02 07:16:22,2023-12-02 14:16:22,Laptop,Normal,107,60,4310,0
68,2023-05-11 00:53:00,2023-05-11 02:53:00,Mobile,Normal,952,84,922,0
92,2023-09-07 00:31:44,2023-09-07 04:31:44,Mobile,Normal,547,77,9108,0
80,2023-12-23 12:18:35,2023-12-23 14:18:35,Laptop,Normal,539,23,6673,0
17,2023-10-30 17:16:35,2023-10-31 00:16:35,Desktop,Normal,110,47,2148,0
65,2023-01-23 17:50:30,2023-01-23 23:50:30,Mobile,Normal,404,72,377,0
81,2023-02-08 16:53:36,2023-02-08 22:53:36,Desktop,Normal,506,99,5313,0
99,2023-07-23 21:14:34,2023-07-24 02:14:34,Desktop,Normal,153,21,767,0
3,2023-01-25 21:41:47,2023-01-26 01:41:47,Mobile,Normal,81,10,6643,0
43,2023-09-04 23:14:05,2023-09-05 01:14:05,Desktop,Normal,884,62,9147,1
19,2023-03-31 14:23:18,2023-03-31 20:23:18,Laptop,Normal,679,52,5636,0
12,2023-06-14 08:48:47,2023-06-14 09:48:47,Laptop,Normal,822,49,132,0
31,2023-05-28 06:57:37,2023-05-28 07:57:37,Desktop,Normal,897,26,3415,0
45,2023-03-12 14:01:17,2023-03-12 18:01:17,Mobile,Normal,75,34,7662,0
90,2023-02-21 20:18:53,2023-02-21 22:18:53,Desktop,Normal,145,34,5061,0
4,2023-03-25 20:01:16,2023-03-26 03:01:16,Mobile,Normal,927,86,1347,0
40,2023-08-29 14:39:34,2023-08-29 19:39:34,Laptop,Normal,540,3,6829,0
28,2023-07-18 22:51:01,2023-07-18 23:51:01,Desktop,Normal,354,96,2967,0
63,2023-08-06 15:15:56,2023-08-06 17:15:56,Desktop,Normal,137,44,4161,0
28,2023-01-23 17:50:08,2023-01-23 23:50:08,Mobile,Normal,975,17,4727,0
76,2023-03-24 09:35:20,2023-03-24 11:35:20,Laptop,Normal,870,0,8401,1
36,2023-04-30 21:12:37,2023-04-30 22:12:37,Mobile,Normal,567,24,3896,0
83,2023-05-01 20:45:48,2023-05-01 23:45:48,Mobile,Normal,913,61,4283,0
73,2023-09-08 06:44:39,2023-09-08 08:44:39,Desktop,Normal,505,45,4893,0
31,2023-08-24 21:13:05,2023-08-24 22:13:05,Desktop,Normal,65,5,5878,0
60,2023-01-13 11:54:32,2023-01-13 12:54:32,Mobile,Normal,597,50,8318,0
20,2023-06-26 08:08:04,2023-06-26 10:08:04,Laptop,Normal,433,73,5755,0
11,2023-06-22 16:30:52,2023-06-22 22:30:52,Desktop,Normal,620,59,6108,1
88,2023-01-22 21:52:28,2023-01-22 22:52:28,Laptop,Abnormal,242,15,625,0
70,2023-10-22 00:12:48,2023-10-22 03:12:48,Desktop,Normal,364,75,1990,0
33,2023-07-05 20:09:47,2023-07-06 00:09:47,Mobile,Normal,618,37,9532,0
29,2023-01-06 21:18:51,2023-01-07 00:18:51,Desktop,Normal,875,72,264,0
95,2023-05-04 07:14:46,2023-05-04 11:14:46,Mobile,Normal,820,59,9948,0
42,2023-12-11 10:23:08,2023-12-11 17:23:08,Desktop,Normal,30,48,6238,0
33,2023-10-05 15:40:58,2023-10-05 19:40:58,Laptop,Normal,157,16,6513,0
19,2023-09-19 22:37:48,2023-09-20 04:37:48,Desktop,Normal,270,15,518,1
36,2023-04-18 15:01:27,2023-04-18 22:01:27,Desktop,Normal,134,74,7407,0
94,2023-10-24 21:25:44,2023-10-25 00:25:44,Mobile,Normal,900,25,9878,0
19,2023-06-03 21:59:04,2023-06-04 00:59:04,Desktop,Normal,869,86,7145,1
31,2023-06-14 12:08:40,2023-06-14 14:08:40,Desktop,Normal,885,31,95,0
1,2023-10-12 04:49:25,2023-10-12 05:49:25,Mobile,Normal,905,64,5100,0
44,2023-01-12 19:50:52,2023-01-12 21:50:52,Mobile,Normal,171,55,2632,0
70,2023-06-24 23:12:35,2023-06-25 04:12:35,Laptop,Normal,233,43,1346,0
81,2023-04-19 09:28:34,2023-04-19 12:28:34,Laptop,Normal,584,31,3007,0
27,2023-05-21 06:25:57,2023-05-21 08:25:57,Laptop,Abnormal,302,70,3163,0
57,2023-07-27 15:31:14,2023-07-27 19:31:14,Desktop,Normal,256,41,9484,0
10,2023-10-17 21:10:27,2023-10-17 22:10:27,Mobile,Normal,778,52,7523,0
37,2023-04-22 02:17:41,2023-04-22 06:17:41,Laptop,Normal,41,30,1379,0
45,2023-08-09 21:59:11,2023-08-09 23:59:11,Desktop,Normal,299,99,9077,0
92,2023-07-21 03:38:24,2023-07-21 07:38:24,Desktop,Normal,977,29,4617,0
83,2023-10-01 01:36:12,2023-10-01 03:36:12,Laptop,Normal,838,84,7083,0
81,2023-02-13 08:12:05,2023-02-13 10:12:05,Mobile,Normal,256,7,54,0
47,2023-07-07 13:45:32,2023-07-07 20:45:32,Desktop,Normal,388,61,7258,0
88,2023-06-23 04:42:00,2023-06-23 11:42:00,Laptop,Abnormal,660,8,3280,0
13,2023-01-15 06:38:18,2023-01-15 12:38:18,Desktop,Normal,568,7,9843,0
15,2023-03-19 03:29:13,2023-03-19 07:29:13,Mobile,Normal,337,86,8909,0
81,2023-09-17 08:15:03,2023-09-17 09:15:03,Laptop,Normal,823,94,6194,0
44,2023-01-24 01:44:04,2023-01-24 07:44:04,Laptop,Normal,777,91,6631,0
13,2023-11-19 17:01:11,2023-11-19 22:01:11,Mobile,Normal,273,79,6328,0
37,2023-04-16 23:08:45,2023-04-17 00:08:45,Desktop,Normal,995,9,838,0
84,2023-11-25 20:05:41,2023-11-25 23:05:41,Mobile,Abnormal,866,59,5328,0
44,2023-12-13 10:15:02,2023-12-13 12:15:02,Laptop,Normal,895,87,5168,0
60,2023-07-25 14:57:32,2023-07-25 20:57:32,Desktop,Normal,871,40,9575,0
60,2023-04-17 23:43:37,2023-04-18 01:43:37,Desktop,Normal,783,15,8919,0
75,2023-04-11 13:29:42,2023-04-11 19:29:42,Laptop,Abnormal,567,29,2686,0
40,2023-09-02 05:14:51,2023-09-02 09:14:51,Desktop,Normal,892,75,2583,0
38,2023-08-11 18:13:13,2023-08-11 23:13:13,Desktop,Normal,847,45,2082,0
86,2023-11-28 04:04:09,2023-11-28 08:04:09,Desktop,Normal,196,69,6168,0
46,2023-10-15 10:27:07,2023-10-15 17:27:07,Mobile,Normal,278,34,9279,0
22,2023-07-30 21:46:02,2023-07-31 01:46:02,Mobile,Normal,136,87,1831,0
42,2023-05-17 23:59:29,2023-05-18 06:59:29,Mobile,Normal,466,97,1297,0
55,2023-08-19 18:54:50,2023-08-19 21:54:50,Laptop,Normal,730,29,129,0
62,2023-06-04 19:27:04,2023-06-04 21:27:04,Laptop,Normal,79,50,2503,0
6,2023-02-15 11:39:58,2023-02-15 16:39:58,Laptop,Normal,492,11,5194,0
29,2023-07-17 09:36:11,2023-07-17 10:36:11,Mobile,Normal,802,56,2008,0
10,2023-07-29 01:25:56,2023-07-29 02:25:56,Mobile,Normal,17,73,7473,0
60,2023-06-04 00:42:13,2023-06-04 03:42:13,Laptop,Normal,391,29,7546,0
96,2023-08-03 09:42:12,2023-08-03 14:42:12,Mobile,Normal,339,28,6840,0
